id,seq,ai4amp_score,pLDDT_mean,PAE_mean,pdb_path
cand_1,MRSAALRASRWYESNILGTVGFNAKEIRRYF,0.45861414,0.5625336170196533,10.846774101257324,/jet/home/aqi/results/pdbs/cand_1.pdb
cand_2,MRSADSLINRLLALRASVWRYYAQ,0.457483,0.7169409394264221,3.888993978500366,/jet/home/aqi/results/pdbs/cand_2.pdb
cand_3,MRSASRSSSAHEWDSRVASRLYYRQ,0.45654064,0.5640111565589905,9.50505542755127,/jet/home/aqi/results/pdbs/cand_3.pdb
cand_4,MRSAPPPTSRRIQAGGIFLPTIW,0.45767757,0.5791909694671631,12.142738342285156,/jet/home/aqi/results/pdbs/cand_4.pdb
cand_5,MRSAPPSRALRGIVWAFRNLGQSGEYYRE,0.45658463,0.5498830676078796,12.222310066223145,/jet/home/aqi/results/pdbs/cand_5.pdb
cand_6,MRSAQNRIVRLAGASSSFVSIAATQQYD,0.45729598,0.496755450963974,14.464200973510742,/jet/home/aqi/results/pdbs/cand_6.pdb
cand_7,MRSAAGSSRRFGAGNWRRSLGNL,0.45887205,0.530641496181488,14.089621543884277,/jet/home/aqi/results/pdbs/cand_7.pdb
cand_8,MRSASRPAAFTALIGWEANGYGLHWRQ,0.45775568,0.48657479882240295,15.22210693359375,/jet/home/aqi/results/pdbs/cand_8.pdb
cand_9,MRSAALFWANAHWASVAWLRGIAGSSARYQLGHDQWL,0.4562488,0.5309708118438721,13.806631088256836,/jet/home/aqi/results/pdbs/cand_9.pdb
cand_10,MRSATAPSAIAYAVGGASNAIRFIVIVYWWWR,0.4573353,0.5529189109802246,12.446096420288086,/jet/home/aqi/results/pdbs/cand_10.pdb
cand_11,MRSASIAARARKFAYNNVFAYHSVKEYG,0.45638394,0.606603741645813,9.434379577636719,/jet/home/aqi/results/pdbs/cand_11.pdb
cand_12,MRSAGSSGRIVLILENFLAWAINLLARLNANT,0.4564003,0.6680868268013,6.738209247589111,/jet/home/aqi/results/pdbs/cand_12.pdb
cand_13,MRSAAAASFNAPLVAYPLYWRLAVRA,0.45868725,0.4736277461051941,12.17900562286377,/jet/home/aqi/results/pdbs/cand_13.pdb
cand_14,MRSARRADNNAHALVYPLWAASIFSGLEAYGR,0.45766285,0.708507776260376,4.7779645919799805,/jet/home/aqi/results/pdbs/cand_14.pdb
cand_15,MRSASPNAAARFVTEAGAIRRALLASGQQWH,0.45713556,0.6801531314849854,6.662614822387695,/jet/home/aqi/results/pdbs/cand_15.pdb
cand_16,MRSAPRSLHKSHTLIHARREER,0.45564854,0.5954844951629639,13.03978443145752,/jet/home/aqi/results/pdbs/cand_16.pdb
cand_17,MRSAPPSRRTFANGRARRIP,0.45766655,0.6041070818901062,9.449089050292969,/jet/home/aqi/results/pdbs/cand_17.pdb
cand_18,MRSADQATHLEVNYVSYAGAKYQYRRL,0.4577852,0.5762669444084167,14.631260871887207,/jet/home/aqi/results/pdbs/cand_18.pdb
cand_19,MRSASRGLSAWTNSAGSGRGYLYW,0.45633456,0.4831829071044922,11.90831470489502,/jet/home/aqi/results/pdbs/cand_19.pdb
cand_20,MRSASLVANIRYYEALHVRYLAIESGARRLY,0.45686498,0.6116821765899658,8.203777313232422,/jet/home/aqi/results/pdbs/cand_20.pdb
cand_21,MRSAASSRNRNAVATAYHRRSPVLKQKWYY,0.45686662,0.6176401376724243,10.513335227966309,/jet/home/aqi/results/pdbs/cand_21.pdb
cand_22,MRSATSSSNKVQVANYRVHGRIINGTGTYRYQEEYDT,0.45455983,0.48352229595184326,17.309207916259766,/jet/home/aqi/results/pdbs/cand_22.pdb
cand_23,MRSAPASAAFFELSGAVAWLVSGLVGRVYYYQR,0.45820948,0.697886049747467,5.941051959991455,/jet/home/aqi/results/pdbs/cand_23.pdb
cand_24,MRSAATPRQWWEHGTQLRVTYLFYQW,0.45603406,0.5718050003051758,14.709932327270508,/jet/home/aqi/results/pdbs/cand_24.pdb
cand_25,MRSATRWRTSTEINFRSNANYYWE,0.4550354,0.6058351993560791,13.104640007019043,/jet/home/aqi/results/pdbs/cand_25.pdb
cand_26,MRSAGRGFNYYVGAAFASLINYREG,0.45668355,0.6486551761627197,6.008895397186279,/jet/home/aqi/results/pdbs/cand_26.pdb
cand_27,MRSASANANRFFLSYYLVVAAINGGGLLWY,0.45618775,0.6654425859451294,6.37379789352417,/jet/home/aqi/results/pdbs/cand_27.pdb
cand_28,MRSAGAANNRNWFDWNLNAYNSGREYNRH,0.4557221,0.5036633610725403,15.83355712890625,/jet/home/aqi/results/pdbs/cand_28.pdb
cand_29,MRSARLSPQIRNEVTPWISRWRYRQ,0.45775643,0.6584306359291077,5.652274131774902,/jet/home/aqi/results/pdbs/cand_29.pdb
cand_30,MRSASSSGHREWFQQSTRPYRFSAVVNNSQQEYR,0.4564147,0.5344929099082947,16.97145652770996,/jet/home/aqi/results/pdbs/cand_30.pdb
cand_31,MRSASPSHHFFFDVVRVAFLTGQIWRRLYHYRY,0.45805782,0.6729466915130615,7.27354621887207,/jet/home/aqi/results/pdbs/cand_31.pdb
cand_32,MRSATFTALRASNALVSGSEYQNKRW,0.4565992,0.5120282173156738,14.946633338928223,/jet/home/aqi/results/pdbs/cand_32.pdb
cand_33,MRSASIQANWWFQGWPAAGWRAVGSNGYRYYRQT,0.4571901,0.5012297630310059,11.581185340881348,/jet/home/aqi/results/pdbs/cand_33.pdb
cand_34,MRSATSPARSWNTRYLYGARY,0.4573011,0.5673706531524658,12.0612154006958,/jet/home/aqi/results/pdbs/cand_34.pdb
cand_35,MRSAHTANARIYDEERRVGVRGEVYRR,0.45919162,0.5095860362052917,12.86108684539795,/jet/home/aqi/results/pdbs/cand_35.pdb
cand_36,MRSAEGTGRSFAYGNALLWTGVASGVRITGVWRHQGYRR,0.45866168,0.43126991391181946,18.617490768432617,/jet/home/aqi/results/pdbs/cand_36.pdb
cand_37,MRSAPPWFNTDSGLAFHHVVRVYGTEQARGR,0.4558743,0.5154635310173035,15.230301856994629,/jet/home/aqi/results/pdbs/cand_37.pdb
cand_38,MRSAVASNRLADFAHNTNQRWLNIRYQVEL,0.45585766,0.7259335517883301,3.88376522064209,/jet/home/aqi/results/pdbs/cand_38.pdb
cand_39,MRSASNSVAAWLWASFHRASGNRYYYSYRIH,0.45564795,0.5505141019821167,11.946192741394043,/jet/home/aqi/results/pdbs/cand_39.pdb
cand_40,MRSAHLPRQRNWIVTTVFAYLILELLR,0.45750895,0.6303586363792419,7.782316207885742,/jet/home/aqi/results/pdbs/cand_40.pdb
cand_41,MRSARERRHAFNNSYFTVSAVLQAERLWHR,0.45647645,0.7503758072853088,3.102255344390869,/jet/home/aqi/results/pdbs/cand_41.pdb
cand_42,MRSATERWIVNWHGRAITSYFQEWRWA,0.45619366,0.5641539692878723,10.0518159866333,/jet/home/aqi/results/pdbs/cand_42.pdb
cand_43,MRSARVSANAWFVTTFVAQANRVLLNGEEYYGR,0.45633423,0.5456702709197998,11.65196704864502,/jet/home/aqi/results/pdbs/cand_43.pdb
cand_44,MRSASNAATVKWWDFAWPGGQSIPWIIFGYGNRWP,0.45821047,0.44225141406059265,15.99454402923584,/jet/home/aqi/results/pdbs/cand_44.pdb
cand_45,MRSAAVLTRWLFAWNTSRIINISS,0.45791927,0.5625029802322388,8.568097114562988,/jet/home/aqi/results/pdbs/cand_45.pdb
cand_46,MRSASNLSRFVYQVGYIIWNAYYW,0.45573345,0.6441232562065125,5.505517959594727,/jet/home/aqi/results/pdbs/cand_46.pdb
cand_47,MRSAVSANNAWVVSAIKLRRAVGVWVTRGEHYEYN,0.456416,0.45816943049430847,17.491207122802734,/jet/home/aqi/results/pdbs/cand_47.pdb
cand_48,MRSAAERNHKFAAGAQTHAVSYYVYWW,0.4551711,0.5366365909576416,15.68710994720459,/jet/home/aqi/results/pdbs/cand_48.pdb
cand_49,MRSAPPRSRKPNNNILLLPVWLGTSGRQYW,0.45681837,0.5471181273460388,16.657154083251953,/jet/home/aqi/results/pdbs/cand_49.pdb
cand_50,MRSAAAATRTYRASTNFFGISASAEHWW,0.4560421,0.5240010619163513,12.730158805847168,/jet/home/aqi/results/pdbs/cand_50.pdb
cand_51,MRSAGPPNTGPRAWYAVGSRVGLASGAGGQIHRQI,0.45982736,0.5018245577812195,19.195232391357422,/jet/home/aqi/results/pdbs/cand_51.pdb
cand_52,MRSAQVARFNWDINRRHAPFVLNAQQWVL,0.45522064,0.5448306202888489,13.216963768005371,/jet/home/aqi/results/pdbs/cand_52.pdb
cand_53,MRSATAWNALILGTGKSLWLRIAWLFLDYGAHHEYR,0.45450953,0.5384658575057983,12.566421508789062,/jet/home/aqi/results/pdbs/cand_53.pdb
cand_54,MRSAAENAAARHLASLWNWNHNYLNDQVYRWRQ,0.455288,0.7376341819763184,3.43072509765625,/jet/home/aqi/results/pdbs/cand_54.pdb
cand_55,MRSAHRSSRFANTSFIRFTWVDVNYLYQ,0.45529753,0.5524543523788452,14.955055236816406,/jet/home/aqi/results/pdbs/cand_55.pdb
cand_56,MRSASNPSRARYETFDAFATAYHANRWGFSYGY,0.45639342,0.4904385209083557,15.298295021057129,/jet/home/aqi/results/pdbs/cand_56.pdb
cand_57,MRSASLIGQVYAAAAAIWRARLVIVGYHR,0.4582747,0.7268885374069214,3.948979616165161,/jet/home/aqi/results/pdbs/cand_57.pdb
cand_58,MRSAVNVWWDRRSISNLIHHSRGVWAHWW,0.45738354,0.5045083165168762,14.393149375915527,/jet/home/aqi/results/pdbs/cand_58.pdb
cand_59,MRSASHSARFAVTPFTARAWLTSDVTREGVYGK,0.45815197,0.5316211581230164,17.91598892211914,/jet/home/aqi/results/pdbs/cand_59.pdb
cand_60,MRSARNSPAWVTNILAYRRTQELLG,0.4566942,0.6615943312644958,6.337465286254883,/jet/home/aqi/results/pdbs/cand_60.pdb
cand_61,MRSAGIQRLTWEAGAGLWASKNRK,0.45858806,0.5137531161308289,13.878129959106445,/jet/home/aqi/results/pdbs/cand_61.pdb
cand_62,MRSATSSRTTAELNVSTANVRGTWYGLLIWHL,0.45501375,0.45575231313705444,15.31479263305664,/jet/home/aqi/results/pdbs/cand_62.pdb
cand_63,MRSASFVSHYLAGVSVAGRQLYWR,0.45845425,0.4792446196079254,12.477294921875,/jet/home/aqi/results/pdbs/cand_63.pdb
cand_64,MRSAPSSNRRERAEENRGAAAVNGIFVN,0.45815387,0.5646952390670776,12.27571964263916,/jet/home/aqi/results/pdbs/cand_64.pdb
cand_65,MRSASPLARGRRVTAYWLWHTSKLALDIGIWNSY,0.45580858,0.4435345232486725,16.80384063720703,/jet/home/aqi/results/pdbs/cand_65.pdb
cand_66,MRSAASVSHRALFPATHSRRPAGGEYDW,0.45674202,0.5776103138923645,14.200603485107422,/jet/home/aqi/results/pdbs/cand_66.pdb
cand_67,MRSASRTANRNGYQYQVASWAFYIFNYWG,0.45557675,0.47024214267730713,13.735939979553223,/jet/home/aqi/results/pdbs/cand_67.pdb
cand_68,MRSAQAFARRHVEGLGWAALLGGYGAG,0.45906776,0.49506238102912903,11.889485359191895,/jet/home/aqi/results/pdbs/cand_68.pdb
cand_69,MRSAQRASRAINAFAPFRLPGFFYGLKSLWIW,0.45838684,0.5203462243080139,12.427912712097168,/jet/home/aqi/results/pdbs/cand_69.pdb
cand_70,MRSAAIANRILIQANNTRYIDGWY,0.4560467,0.5585896968841553,10.871769905090332,/jet/home/aqi/results/pdbs/cand_70.pdb
cand_71,MRSAAASHARWFESLSRVGWGYWLGYA,0.45826814,0.5738877654075623,8.602859497070312,/jet/home/aqi/results/pdbs/cand_71.pdb
cand_72,MRSAPDHRARLRQNAKFGALVFNGEENR,0.45584807,0.5399490594863892,11.905534744262695,/jet/home/aqi/results/pdbs/cand_72.pdb
cand_73,MRSARHIARAALHATWPGAVINGREAGAY,0.4579743,0.5023839473724365,13.531630516052246,/jet/home/aqi/results/pdbs/cand_73.pdb
cand_74,MRSASIPSTRLFHSYVTGRGVLSGRYGNRWYG,0.4583662,0.4873619079589844,16.164936065673828,/jet/home/aqi/results/pdbs/cand_74.pdb
cand_75,MRSASEARQVRGDAYPNRAIIINSTGGWELWGYRR,0.4579714,0.47568726539611816,14.173306465148926,/jet/home/aqi/results/pdbs/cand_75.pdb
cand_76,MRSARHPRRNFEWLFLAVWLY,0.4568043,0.6439573764801025,8.618489265441895,/jet/home/aqi/results/pdbs/cand_76.pdb
cand_77,MRSARAGSWFLFEWVNRTAIFIWDSGKN,0.45594424,0.5139559507369995,15.088846206665039,/jet/home/aqi/results/pdbs/cand_77.pdb
cand_78,MRSASIAANNRLLGNSNFLHRVVFVNREGDYY,0.45624667,0.506879985332489,16.697500228881836,/jet/home/aqi/results/pdbs/cand_78.pdb
cand_79,MRSAAPACRHRRGNALQTWLGVVSARWAAW,0.45935693,0.5857664942741394,12.363617897033691,/jet/home/aqi/results/pdbs/cand_79.pdb
cand_80,MRSASRRLRARVYNWFTAIYHL,0.4579722,0.6928884983062744,3.7775046825408936,/jet/home/aqi/results/pdbs/cand_80.pdb
cand_81,MRSAPPLRQHATGASTGYPINVAKQHLRR,0.4586188,0.5221717953681946,16.092927932739258,/jet/home/aqi/results/pdbs/cand_81.pdb
cand_82,MRSARASSNVRFASGALDRLRFLLGGEHGW,0.4580795,0.6204869747161865,8.135415077209473,/jet/home/aqi/results/pdbs/cand_82.pdb
cand_83,MRSAAASSARRRVAIGTGAWAVVREWK,0.4582465,0.4955347180366516,14.159782409667969,/jet/home/aqi/results/pdbs/cand_83.pdb
cand_84,MRSAPNCVWVNEVFYLSAGYAVGAAGWKLKKR,0.45855668,0.47317489981651306,16.981813430786133,/jet/home/aqi/results/pdbs/cand_84.pdb
cand_85,MRSAAVSFRRWEGTAGYALAYKAHH,0.45702493,0.5568071007728577,13.18626594543457,/jet/home/aqi/results/pdbs/cand_85.pdb
cand_86,MRSASAAAANRVVGAFLFRRYALQ,0.458263,0.7110254168510437,3.9397523403167725,/jet/home/aqi/results/pdbs/cand_86.pdb
cand_87,MRSAALHARGRREAHHPSGPFSWNGVEYIRH,0.45650005,0.48894864320755005,15.317097663879395,/jet/home/aqi/results/pdbs/cand_87.pdb
cand_88,MRSASSRSSHATTWTTILIGLARNYY,0.45804632,0.6460301280021667,6.467857837677002,/jet/home/aqi/results/pdbs/cand_88.pdb
cand_89,MRSAAPSNCHFLGAKRRIWD,0.45710468,0.6029534339904785,11.510815620422363,/jet/home/aqi/results/pdbs/cand_89.pdb
cand_90,MRSAPNASRRFHATLFHHIAGSVSRQEYGKW,0.45677564,0.5009576082229614,14.50866985321045,/jet/home/aqi/results/pdbs/cand_90.pdb
cand_91,MRSAAASRRKRWLNNAIRHLWGGVGYRGEVAS,0.46030855,0.5668407678604126,10.304627418518066,/jet/home/aqi/results/pdbs/cand_91.pdb
cand_92,MRSASQQSTTHAAGYNQGPTAASTIVNLRYKEHRQK,0.4566757,0.5032476782798767,18.05661964416504,/jet/home/aqi/results/pdbs/cand_92.pdb
cand_93,MRSAPRACRPNANNHQWIYQYL,0.45632747,0.5343335866928101,9.072084426879883,/jet/home/aqi/results/pdbs/cand_93.pdb
cand_94,MRSAARWRQRFGGAAYTVYYDEFRDR,0.45706803,0.5422272086143494,12.30063247680664,/jet/home/aqi/results/pdbs/cand_94.pdb
cand_95,MRSAPHISKHVVGTVPVINGQWYYWQ,0.4559502,0.5058349370956421,12.471729278564453,/jet/home/aqi/results/pdbs/cand_95.pdb
cand_96,MRSALNPVRTGRGSTNLNFLWAWYWQYW,0.455779,0.48128485679626465,12.346395492553711,/jet/home/aqi/results/pdbs/cand_96.pdb
cand_97,MRSALPGRRRLYYARADKERR,0.45759854,0.5315828919410706,12.170973777770996,/jet/home/aqi/results/pdbs/cand_97.pdb
cand_98,MRSAQNVPDNRLTPRYFSFNWRYE,0.4552297,0.6147463917732239,12.487776756286621,/jet/home/aqi/results/pdbs/cand_98.pdb
cand_99,MRSAAPTGRAWVVHNVAHHRLISSAEEIR,0.45545653,0.5482051372528076,16.231918334960938,/jet/home/aqi/results/pdbs/cand_99.pdb
cand_100,MRSASLQSAERVALWAIVRRRR,0.45910037,0.7034165859222412,3.3497464656829834,/jet/home/aqi/results/pdbs/cand_100.pdb
cand_101,MRSAASPATHIYSTAYPALFIFRKVRHW,0.45858976,0.553106963634491,15.322608947753906,/jet/home/aqi/results/pdbs/cand_101.pdb
cand_102,MRSAGSLRNHLLHVAVARHRLWLTYWFFAYAAW,0.45682004,0.7223924994468689,4.328884601593018,/jet/home/aqi/results/pdbs/cand_102.pdb
cand_103,MRSASSGANKLTGATAFGVYHYIW,0.457136,0.5215564370155334,15.121549606323242,/jet/home/aqi/results/pdbs/cand_103.pdb
cand_104,MRSASSRVRAAAFVPLHWGATTSGVYQYYRR,0.4573035,0.477818101644516,15.05301284790039,/jet/home/aqi/results/pdbs/cand_104.pdb
cand_105,MRSASALPTWWLVNVVRWPIAGSTAVYQYWHYV,0.45474517,0.49840104579925537,13.765006065368652,/jet/home/aqi/results/pdbs/cand_105.pdb
cand_106,MRSAAAASNRTRTDTTLHYWGWGTIREGHRAAR,0.45751,0.4728710353374481,18.421178817749023,/jet/home/aqi/results/pdbs/cand_106.pdb
cand_107,MRSAGPAWNTAYAAWPVGVRFASGDRYWLR,0.45723566,0.4810408353805542,14.88667106628418,/jet/home/aqi/results/pdbs/cand_107.pdb
cand_108,MRSAGAANARAVLLAWVIGAWVAAGEKY,0.45824295,0.6987041234970093,5.133270263671875,/jet/home/aqi/results/pdbs/cand_108.pdb
cand_109,MRSATESTRHHEEFKPSAHRIGSGGAAYHQRWL,0.45810273,0.520193874835968,17.307170867919922,/jet/home/aqi/results/pdbs/cand_109.pdb
cand_110,MRSAATSWVTGFHYNLVYLINLRLYWQYLQ,0.4543363,0.7019252181053162,3.9805448055267334,/jet/home/aqi/results/pdbs/cand_110.pdb
cand_111,MRSAPLASNANRIQSNTLLIWNNRADYRA,0.45478088,0.5197757482528687,16.476877212524414,/jet/home/aqi/results/pdbs/cand_111.pdb
cand_112,MRSARRLHGDQATETFWFLEHNFTKQLRRDW,0.45536628,0.5053513050079346,12.377330780029297,/jet/home/aqi/results/pdbs/cand_112.pdb
cand_113,MRSARGAAKKLILNAAFARLVFSQW,0.45933592,0.7005753517150879,4.530221939086914,/jet/home/aqi/results/pdbs/cand_113.pdb
cand_114,MRSASGRANAKIGLVSGRVLRAILNLAYDYQWI,0.45627946,0.6992928385734558,5.412905693054199,/jet/home/aqi/results/pdbs/cand_114.pdb
cand_115,MRSAARSSKIHAEYGVVRLRPWS,0.45747912,0.5606001615524292,10.43659496307373,/jet/home/aqi/results/pdbs/cand_115.pdb
cand_116,MRSARASTSRAVHNYRAARLTGRDHYYVGY,0.4556955,0.5071510076522827,11.737797737121582,/jet/home/aqi/results/pdbs/cand_116.pdb
cand_117,MRSARSAVRGLLQGLGQHAVVVTIGSGIYAYLYEYLYY,0.4560107,0.5651034712791443,12.250886917114258,/jet/home/aqi/results/pdbs/cand_117.pdb
cand_118,MRSAPTASAADTALWLVHTWAWNRRYYGGYESYR,0.45565325,0.5032901763916016,13.617816925048828,/jet/home/aqi/results/pdbs/cand_118.pdb
cand_119,MRSAHQLHNHPRVASRVQRYRVLLNGRDYEYHR,0.45620996,0.5808082818984985,14.76366901397705,/jet/home/aqi/results/pdbs/cand_119.pdb
cand_120,MRSASPLRTHFNGDFFLFRFFTLRLY,0.45719358,0.5261473655700684,15.130556106567383,/jet/home/aqi/results/pdbs/cand_120.pdb
cand_121,MRSAEAPQRHWFYNWAVTSIRNLTAYYALGGRNGRRHY,0.45754635,0.5625835657119751,11.392876625061035,/jet/home/aqi/results/pdbs/cand_121.pdb
cand_122,MRSAQRPGRAAHIDWHFGRASGGFGHQGRY,0.45900628,0.5151512622833252,15.378570556640625,/jet/home/aqi/results/pdbs/cand_122.pdb
cand_123,MRSASFVQRVNSIGNAARAD,0.45724505,0.6198462843894958,6.220724105834961,/jet/home/aqi/results/pdbs/cand_123.pdb
cand_124,MRSAPSSARVKFAIVGRAVAVAGTTGEGIGIEKYIYG,0.45950153,0.44739532470703125,16.53914451599121,/jet/home/aqi/results/pdbs/cand_124.pdb
cand_125,MRSASGASRNWFVNVGGTLRGVDTEYYRYRRRQL,0.4586846,0.5433474183082581,11.697568893432617,/jet/home/aqi/results/pdbs/cand_125.pdb
cand_126,MRSAATPNRHRSNNNLGRLNFITLIYGEIHH,0.456514,0.5357484817504883,16.63861846923828,/jet/home/aqi/results/pdbs/cand_126.pdb
cand_127,MRSASRIARHFYDTNNLAWYAGSARRRR,0.45851913,0.4836532771587372,13.327742576599121,/jet/home/aqi/results/pdbs/cand_127.pdb
cand_128,MRSASSNRLNHYVTTNRFAARGAYTN,0.45670858,0.5280364155769348,14.270386695861816,/jet/home/aqi/results/pdbs/cand_128.pdb
cand_129,MRSAAAFSSAAPSAFAFAWRFV,0.45906565,0.5467174649238586,12.625715255737305,/jet/home/aqi/results/pdbs/cand_129.pdb
cand_130,MRSATPSSRFEVVNRAGNTRLAYDIRY,0.45512494,0.6962918043136597,5.869121074676514,/jet/home/aqi/results/pdbs/cand_130.pdb
cand_131,MRSAARQVRRFTGDYVTQRGRLVITNSAYLEYWYVE,0.45477223,0.49375906586647034,15.999017715454102,/jet/home/aqi/results/pdbs/cand_131.pdb
cand_132,MRSAARAANKGIGWYEIVLWLYW,0.45712847,0.5660721659660339,8.20361042022705,/jet/home/aqi/results/pdbs/cand_132.pdb
cand_133,MRSAHLNRNHLSTVGEGYRVEFNPGYREIALYK,0.45796758,0.5234336256980896,10.663656234741211,/jet/home/aqi/results/pdbs/cand_133.pdb
cand_134,MRSAALGSSRLVTASFANRVGIAGFSWYDEIRGLK,0.45812318,0.4477349519729614,15.140216827392578,/jet/home/aqi/results/pdbs/cand_134.pdb
cand_135,MRSALSRRHAHIVNNNTRAIGAQGVGYQEWGR,0.45720997,0.46875840425491333,17.31972885131836,/jet/home/aqi/results/pdbs/cand_135.pdb
cand_136,MRSAPASARFFFYAPERGANWLISKRLAHR,0.45814157,0.5098798871040344,12.607992172241211,/jet/home/aqi/results/pdbs/cand_136.pdb
cand_137,MRSATSANRRRRFFAWGSASNG,0.45770898,0.5091251730918884,14.305843353271484,/jet/home/aqi/results/pdbs/cand_137.pdb
cand_138,MRSASLRRSRLESYASFAHSSWTRARDDEYVA,0.45632392,0.6604653596878052,6.837691307067871,/jet/home/aqi/results/pdbs/cand_138.pdb
cand_139,MRSAQPRSQRAREAATIYAGTAFYYQVYT,0.45624596,0.5996455550193787,9.110318183898926,/jet/home/aqi/results/pdbs/cand_139.pdb
cand_140,MRSASVVCSFGREAIGAVRRLGFLGRALLHQ,0.46042725,0.6761987805366516,6.664416313171387,/jet/home/aqi/results/pdbs/cand_140.pdb
cand_141,MRSAAHANKNDHLSWHISWHYWGGQRSLY,0.4565021,0.4867285192012787,16.754541397094727,/jet/home/aqi/results/pdbs/cand_141.pdb
cand_142,MRSAPRAGHQNVGFTFSPLFNARYYY,0.45630378,0.5513774752616882,14.913949966430664,/jet/home/aqi/results/pdbs/cand_142.pdb
cand_143,MRSAPGRRHAYHAAYFAWRVLTRAHYWV,0.45714265,0.6260038614273071,7.974642276763916,/jet/home/aqi/results/pdbs/cand_143.pdb
cand_144,MRSASPSANNSFNENTFGRNRPVLTIT,0.4569154,0.5711584091186523,13.66743278503418,/jet/home/aqi/results/pdbs/cand_144.pdb
cand_145,MRSAATAARNRRVAGFHGVVSAVNYEYYWL,0.45590338,0.5273981094360352,15.588362693786621,/jet/home/aqi/results/pdbs/cand_145.pdb
cand_146,MRSALRSATSHFEWNFGGIILWRRAYRRRKA,0.46081093,0.5246278643608093,12.48567008972168,/jet/home/aqi/results/pdbs/cand_146.pdb
cand_147,MRSAARSSAAASTGAYYLAVLGLYYGGQ,0.45706794,0.70218425989151,4.565497398376465,/jet/home/aqi/results/pdbs/cand_147.pdb
cand_148,MRSALFRATQTVYANIGRLSYHY,0.4573641,0.6775840520858765,4.8017401695251465,/jet/home/aqi/results/pdbs/cand_148.pdb
cand_149,MRSARPSAHASLFVVAYLQRAANA,0.45766106,0.6814792156219482,5.9931182861328125,/jet/home/aqi/results/pdbs/cand_149.pdb
cand_150,MRSAAQPSRGKVLWDFVYTSSSGYKY,0.45671794,0.5554236173629761,15.197904586791992,/jet/home/aqi/results/pdbs/cand_150.pdb
cand_151,MRSASFSARALKRGNIGKPVAVAAYQHEL,0.4580636,0.49315598607063293,13.784232139587402,/jet/home/aqi/results/pdbs/cand_151.pdb
cand_152,MRSATNSNRTVFYGNTVLKRAAASSAGAASSYELE,0.4572863,0.48789241909980774,18.767086029052734,/jet/home/aqi/results/pdbs/cand_152.pdb
cand_153,MRSATPNVARVVRATYYTHHYGAFGEGRGRYYEKYD,0.45646662,0.5064852833747864,17.77903938293457,/jet/home/aqi/results/pdbs/cand_153.pdb
cand_154,MRSARPTRNPAALGTFLFGGFLALGLEYHRI,0.45819572,0.6905085444450378,7.8058247566223145,/jet/home/aqi/results/pdbs/cand_154.pdb
cand_155,MRSAATAHNRGLLQAFVRLINIV,0.45906183,0.731828510761261,2.911316394805908,/jet/home/aqi/results/pdbs/cand_155.pdb
cand_156,MRSASRVAARNFMNAGFLTSVLTVSSEDYHR,0.45658666,0.5091128349304199,14.874302864074707,/jet/home/aqi/results/pdbs/cand_156.pdb
cand_157,MRSASAASAHAQFYVVASLRWFVETNYRLYRA,0.45508432,0.665119469165802,5.531787872314453,/jet/home/aqi/results/pdbs/cand_157.pdb
cand_158,MRSAGASTHRNHINSLFGRVPISVIGALSAGAYRIWWGK,0.45980665,0.4992709457874298,16.306392669677734,/jet/home/aqi/results/pdbs/cand_158.pdb
cand_159,MRSAPRINNSTGVYVKYYFLGRGVIANNEYH,0.45633274,0.533647358417511,13.555519104003906,/jet/home/aqi/results/pdbs/cand_159.pdb
cand_160,MRSAHLASTPVYVGGGTQAYILWWRAAWL,0.45781928,0.4943520128726959,13.880731582641602,/jet/home/aqi/results/pdbs/cand_160.pdb
cand_161,MRSAAAIPRFATSYGLAHRGIGLRGHGK,0.4584739,0.4722067713737488,15.308304786682129,/jet/home/aqi/results/pdbs/cand_161.pdb
cand_162,MRSAAASRNKKYTLVNANRTLRRIILTLEYRGEWD,0.45575288,0.6018397212028503,9.271138191223145,/jet/home/aqi/results/pdbs/cand_162.pdb
cand_163,MRSARPNHTRYVSSGVILREYAWW,0.45497137,0.6302763819694519,7.125540733337402,/jet/home/aqi/results/pdbs/cand_163.pdb
cand_164,MRSARHPRFVATNLRLSRYYGRE,0.45681724,0.5657853484153748,13.324045181274414,/jet/home/aqi/results/pdbs/cand_164.pdb
cand_165,MRSAARLNRHGFTAAIIGVWRQHGLE,0.45714146,0.4814220070838928,14.639729499816895,/jet/home/aqi/results/pdbs/cand_165.pdb
cand_166,MRSAGQVSHRWHSGGGFFYAGGGV,0.4591647,0.5112105011940002,15.34109115600586,/jet/home/aqi/results/pdbs/cand_166.pdb
cand_167,MRSASPSRRNRISEHGHALLGESAAYYWQDVNR,0.45647904,0.51688152551651,16.557783126831055,/jet/home/aqi/results/pdbs/cand_167.pdb
cand_168,MRSADAATQHPFFQFRLICQAVNTNAEVYKK,0.45760348,0.5396139025688171,12.084940910339355,/jet/home/aqi/results/pdbs/cand_168.pdb
cand_169,MRSARASSSKPIVNWFRALGISSSGYLKQRR,0.4590182,0.5020142197608948,12.276458740234375,/jet/home/aqi/results/pdbs/cand_169.pdb
cand_170,MRSARLLLFFTYHNVTRV,0.45778704,0.5502142906188965,8.63855266571045,/jet/home/aqi/results/pdbs/cand_170.pdb
cand_171,MRSAAARNLTRQEYNAWYVIARVHW,0.4568154,0.5424102544784546,10.741459846496582,/jet/home/aqi/results/pdbs/cand_171.pdb
cand_172,MRSAGRQDTKAAYGAHGRVGYEYQRYI,0.45795512,0.48191022872924805,15.204852104187012,/jet/home/aqi/results/pdbs/cand_172.pdb
cand_173,MRSAGPRTARHHASVARWNRATWTYEEQ,0.45585188,0.56111079454422,13.430646896362305,/jet/home/aqi/results/pdbs/cand_173.pdb
cand_174,MRSASPSVRQFRFAAQLFGIFGISGRYW,0.45694298,0.5541321635246277,10.804900169372559,/jet/home/aqi/results/pdbs/cand_174.pdb
cand_175,MRSARRSHQKRRGETNVYHAPANGAELAW,0.45581958,0.5701398253440857,15.011452674865723,/jet/home/aqi/results/pdbs/cand_175.pdb
cand_176,MRSAPRRIGFWFDSVAERGRGLSWLYGGYYL,0.45713955,0.5044476985931396,16.75853157043457,/jet/home/aqi/results/pdbs/cand_176.pdb
cand_177,MRSAERLRNFLNTFGFTNKAFFTFLYSWYNYE,0.4559316,0.6269083023071289,7.708979606628418,/jet/home/aqi/results/pdbs/cand_177.pdb
cand_178,MRSARVRRRGVEITGLSVSWDYGYENYFH,0.45508,0.5643436908721924,16.316476821899414,/jet/home/aqi/results/pdbs/cand_178.pdb
cand_179,MRSAATVANRQREAAYHIGRVRIIFWRKQWYRQ,0.45972618,0.7310225963592529,3.847437858581543,/jet/home/aqi/results/pdbs/cand_179.pdb
cand_180,MRSALQAQNTRFLLGSLTASGYINIAARGYLN,0.45739195,0.4867527484893799,12.359066009521484,/jet/home/aqi/results/pdbs/cand_180.pdb
cand_181,MRSAASSGRRNAYVAAFIGARWLGEIRYRKRGR,0.4580098,0.6077789068222046,8.776309967041016,/jet/home/aqi/results/pdbs/cand_181.pdb
cand_182,MRSASPLFTAALLHTLGYVGWVRLVGNNGAYYEKARY,0.457839,0.5326169729232788,13.611405372619629,/jet/home/aqi/results/pdbs/cand_182.pdb
cand_183,MRSAGATSRKYETSVGAYARRATGDTTGAYKHYRH,0.4564626,0.47983983159065247,17.589683532714844,/jet/home/aqi/results/pdbs/cand_183.pdb
cand_184,MRSASQLHHNRRAVYNVNHNHHALVVTWWSYQYYW,0.45232898,0.516700267791748,13.001289367675781,/jet/home/aqi/results/pdbs/cand_184.pdb
cand_185,MRSASSAANASRLYSGNNVGVLGGRGWSYRYEYKR,0.45885065,0.45753276348114014,16.17743492126465,/jet/home/aqi/results/pdbs/cand_185.pdb
cand_186,MRSASILNGGHAATAVSRILAYIGWYR,0.4588978,0.5559524297714233,11.278654098510742,/jet/home/aqi/results/pdbs/cand_186.pdb
cand_187,MRSAAQAHTKLLYNLTGTGRRRLIYLSSSYSAGQYWRG,0.4566654,0.4275319576263428,15.299482345581055,/jet/home/aqi/results/pdbs/cand_187.pdb
cand_188,MRSAHGSRHALHNNTIWSYAAIRGQEGR,0.45624697,0.47641661763191223,14.698949813842773,/jet/home/aqi/results/pdbs/cand_188.pdb
cand_189,MRSAEARSRRFVHVAQAGVGRKY,0.45853218,0.5362629890441895,13.757808685302734,/jet/home/aqi/results/pdbs/cand_189.pdb
cand_190,MRSAALARRHRRIDYGSRVALAALYYEVKWI,0.45708656,0.5886371731758118,10.425077438354492,/jet/home/aqi/results/pdbs/cand_190.pdb
cand_191,MRSASISRQARLEYAIFRLAFGVGSGGAWAGQGEK,0.4582673,0.5199580788612366,12.916763305664062,/jet/home/aqi/results/pdbs/cand_191.pdb
cand_192,MRSAESVFNATANLTVGKFVWFPGAYKYK,0.45867565,0.5154193043708801,15.404356002807617,/jet/home/aqi/results/pdbs/cand_192.pdb
cand_193,MRSAQASSVFRFETAFGRIHSNAIFVLYANGGNRR,0.4567731,0.48276275396347046,15.528093338012695,/jet/home/aqi/results/pdbs/cand_193.pdb
cand_194,MRSARTAANNNYYEAWGTGSGRNVVYNGAAWQHRHI,0.4570016,0.48419424891471863,13.519673347473145,/jet/home/aqi/results/pdbs/cand_194.pdb
cand_195,MRSAERVRRTIGSNVLIGAVLSGTEYYHY,0.45628864,0.5016667246818542,15.70922565460205,/jet/home/aqi/results/pdbs/cand_195.pdb
cand_196,MRSASRLSANGFANIRWYYALQYL,0.45584968,0.5156832933425903,10.65223217010498,/jet/home/aqi/results/pdbs/cand_196.pdb
cand_197,MRSASRGRARNYENVGGQWRPVPVVLE,0.45749703,0.5873669981956482,9.258954048156738,/jet/home/aqi/results/pdbs/cand_197.pdb
cand_198,MRSASRHSAHQNLHARRLVNRGYDGS,0.45664966,0.5822712182998657,9.525359153747559,/jet/home/aqi/results/pdbs/cand_198.pdb
cand_199,MRSATPSASNHHWFNIFPLRVWWRGYKRWR,0.45779285,0.49321839213371277,16.938434600830078,/jet/home/aqi/results/pdbs/cand_199.pdb
cand_200,MRSASPQQSHWVWNPKRWHFTGKERWR,0.4564564,0.5313990116119385,15.160861015319824,/jet/home/aqi/results/pdbs/cand_200.pdb
cand_201,MRSADPSARARESANLVQYWLIIIINRQIWWQ,0.45405677,0.6625674366950989,6.553488731384277,/jet/home/aqi/results/pdbs/cand_201.pdb
cand_202,MRSASLQANAAWLLGAGSRVFNYWGW,0.45661342,0.5455586910247803,10.63647747039795,/jet/home/aqi/results/pdbs/cand_202.pdb
cand_203,MRSAHRSANDNFYGLLRIHGGRIW,0.45710063,0.5339252948760986,12.543575286865234,/jet/home/aqi/results/pdbs/cand_203.pdb
cand_204,MRSAGGAGHRRVTNFDAGGRNRLLDSSNYHEEAGR,0.45543668,0.4516470432281494,15.589326858520508,/jet/home/aqi/results/pdbs/cand_204.pdb
cand_205,MRSAVATSNRIRAESNIWVGT,0.4564971,0.5613704919815063,9.4371919631958,/jet/home/aqi/results/pdbs/cand_205.pdb
cand_206,MRSAAASARAWFVVYTWVWGRAGGG,0.4595429,0.6191006302833557,7.0740485191345215,/jet/home/aqi/results/pdbs/cand_206.pdb
cand_207,MRSASTGRRTASQEWDHANIGWARGYR,0.4572594,0.5193035006523132,13.234994888305664,/jet/home/aqi/results/pdbs/cand_207.pdb
cand_208,MRSAASSWNRRGFEDMGGGWATNANNVRGEWHGRQ,0.45830217,0.47672244906425476,18.2186279296875,/jet/home/aqi/results/pdbs/cand_208.pdb
cand_209,MRSAAAPSHRALHHSGKLWVKPLAILLIAAAALLLK,0.459967,0.6107938289642334,12.55582046508789,/jet/home/aqi/results/pdbs/cand_209.pdb
cand_210,MRSAAGSARRLANSAWRHRWLLNSAYEYWLIR,0.45464802,0.6160566210746765,8.12386417388916,/jet/home/aqi/results/pdbs/cand_210.pdb
cand_211,MRSAAASARTLIHVENIFTAILGRTASYY,0.4581801,0.6733534932136536,5.4472575187683105,/jet/home/aqi/results/pdbs/cand_211.pdb
cand_212,MRSASNHNGPYMNYAGNRAANGFSAGGREYR,0.45733032,0.4772586226463318,16.65883445739746,/jet/home/aqi/results/pdbs/cand_212.pdb
cand_213,MRSASTILNVLYFLAGRFSSSFIILNW,0.45824564,0.5740107297897339,9.16573429107666,/jet/home/aqi/results/pdbs/cand_213.pdb
cand_214,MRSASSRSSKVHQSANIYWNLREEH,0.4547854,0.5114990472793579,14.249975204467773,/jet/home/aqi/results/pdbs/cand_214.pdb
cand_215,MRSASASARRYVFNDQTNVWIWYQW,0.45555112,0.6033327579498291,8.534771919250488,/jet/home/aqi/results/pdbs/cand_215.pdb
cand_216,MRSAPPPHRWHWFSFAHGWLSSVSRGQGGHLY,0.4594973,0.48929375410079956,14.489086151123047,/jet/home/aqi/results/pdbs/cand_216.pdb
cand_217,MRSASSANDHENATTWTVHHRRPWAGATSRSRQYYA,0.4581194,0.4941008687019348,18.626544952392578,/jet/home/aqi/results/pdbs/cand_217.pdb
cand_218,MRSASRTAWRAGFNAHRLWKYYLYD,0.45674586,0.4911716878414154,11.854114532470703,/jet/home/aqi/results/pdbs/cand_218.pdb
cand_219,MRSAHSSTVYNLLLNSRRLYQRYRL,0.45739666,0.6694891452789307,5.425842761993408,/jet/home/aqi/results/pdbs/cand_219.pdb
cand_220,MRSAVFARHLESNHFGTLYQRWWW,0.45598644,0.5001308917999268,10.79917049407959,/jet/home/aqi/results/pdbs/cand_220.pdb
cand_221,MRSATASGTKRHVSYLYNTPRATA,0.456695,0.58289635181427,14.323322296142578,/jet/home/aqi/results/pdbs/cand_221.pdb
cand_222,MRSASQSNRRFISGALGHWHAV,0.4578965,0.5365661382675171,13.500452041625977,/jet/home/aqi/results/pdbs/cand_222.pdb
cand_223,MRSAVSSSSGRFAWHIGTCLANGKYY,0.45768005,0.4848523437976837,14.43588638305664,/jet/home/aqi/results/pdbs/cand_223.pdb
cand_224,MRSAASWGAHYAGRGANYIYWLFS,0.45669904,0.5639285445213318,12.157913208007812,/jet/home/aqi/results/pdbs/cand_224.pdb
cand_225,MRSASSFCRGEAAFFLGALSSGGRGY,0.45878932,0.545357882976532,11.222710609436035,/jet/home/aqi/results/pdbs/cand_225.pdb
cand_226,MRSAPTLRANLHTAAYWVGVGEWYR,0.45653692,0.7200462222099304,3.593379020690918,/jet/home/aqi/results/pdbs/cand_226.pdb
cand_227,MRSAARRTNGAQESYLWALAGVRTNTG,0.45769268,0.5007901787757874,13.106493949890137,/jet/home/aqi/results/pdbs/cand_227.pdb
cand_228,MRSASPEAWHLLRAANWWYGIGATSSRQYHWG,0.45692727,0.4884304404258728,13.318130493164062,/jet/home/aqi/results/pdbs/cand_228.pdb
cand_229,MRSAQRHHQTSAWNIWLPVMGASGYGYQ,0.45633057,0.4691319763660431,16.276588439941406,/jet/home/aqi/results/pdbs/cand_229.pdb
cand_230,MRSASNVGRFQFVAWQSVRLYWSRGEHY,0.4570063,0.5071457624435425,16.285171508789062,/jet/home/aqi/results/pdbs/cand_230.pdb
cand_231,MRSAVSTANHVRHIPAWWWGSSISS,0.4574198,0.5389746427536011,13.72851848602295,/jet/home/aqi/results/pdbs/cand_231.pdb
cand_232,MRSAAQLRAHAFFEYFYNIGSEYVRK,0.4579824,0.647664487361908,6.403748035430908,/jet/home/aqi/results/pdbs/cand_232.pdb
cand_233,MRSAGRAGLATFAEAATAHYIFVYRYGW,0.4572611,0.5884890556335449,9.024443626403809,/jet/home/aqi/results/pdbs/cand_233.pdb
cand_234,MRSARQSNHGYAVWGIHWRAAREWNWRYGWNYIRE,0.4550653,0.43897533416748047,14.264760971069336,/jet/home/aqi/results/pdbs/cand_234.pdb
cand_235,MRSAAPSSCNRRWAFDWTITNRLLY,0.45648894,0.5456379055976868,14.545987129211426,/jet/home/aqi/results/pdbs/cand_235.pdb
cand_236,MRSASPSNKGETYAAHWLGRTTNQIEGAGYQRLLR,0.45837215,0.48357734084129333,17.640932083129883,/jet/home/aqi/results/pdbs/cand_236.pdb
cand_237,MRSAPARTQTRTAYVRLWLGLSQSWR,0.4571307,0.5841835141181946,10.192660331726074,/jet/home/aqi/results/pdbs/cand_237.pdb
cand_238,MRSAPPASRRFAGYYSRRAHAWGASGGQAEK,0.4584221,0.4841725826263428,16.261138916015625,/jet/home/aqi/results/pdbs/cand_238.pdb
cand_239,MRSAQAAASYVLAATGLHQRRYTNVYERYD,0.45588905,0.5923615097999573,11.652864456176758,/jet/home/aqi/results/pdbs/cand_239.pdb
cand_240,MRSAAVGRTAKALYHFYRSVYIIEFYALYR,0.45675334,0.6844146847724915,5.025045394897461,/jet/home/aqi/results/pdbs/cand_240.pdb
cand_241,MRSAHNRRSIQRLDTLGRRWLIWNGEHLQE,0.45557773,0.5669679045677185,9.78116512298584,/jet/home/aqi/results/pdbs/cand_241.pdb
cand_242,MRSAHPPRVGYAHGALFYTAYAPGAGYQF,0.45761755,0.5126181840896606,14.099125862121582,/jet/home/aqi/results/pdbs/cand_242.pdb
cand_243,MRSAAARRWHDSNLWHAALVDYGKGYHR,0.45720166,0.59364914894104,8.486926078796387,/jet/home/aqi/results/pdbs/cand_243.pdb
cand_244,MRSAPRATAGARAIHAHAWAILTWGERLLA,0.45704904,0.6334467530250549,8.017070770263672,/jet/home/aqi/results/pdbs/cand_244.pdb
cand_245,MRSASFGANSLFVGVLFQRRVLFFSLVN,0.45773318,0.5512959957122803,11.251086235046387,/jet/home/aqi/results/pdbs/cand_245.pdb
cand_246,MRSAANGSANLYENGARRVLIRGWREWGLGYG,0.45873222,0.4758375585079193,17.078275680541992,/jet/home/aqi/results/pdbs/cand_246.pdb
cand_247,MRSARGSAGNIHGAAANILRSINGYYGYHYG,0.4577046,0.5528594255447388,12.33524227142334,/jet/home/aqi/results/pdbs/cand_247.pdb
cand_248,MRSAAGSTAHFRWGTQLRAIWDLN,0.45645374,0.533134937286377,13.908397674560547,/jet/home/aqi/results/pdbs/cand_248.pdb
cand_249,MRSAQLQHLQNNRLLIIFSEYYR,0.45552486,0.7171028852462769,3.2327370643615723,/jet/home/aqi/results/pdbs/cand_249.pdb
cand_250,MRSAAAQSWYGNTAGVKFWALGIVDYAYQHGK,0.45671093,0.4482637345790863,14.174187660217285,/jet/home/aqi/results/pdbs/cand_250.pdb
cand_251,MRSALESRRWFNSARALEWGLGQLY,0.45670578,0.61223304271698,6.724706172943115,/jet/home/aqi/results/pdbs/cand_251.pdb
cand_252,MRSASNAAAHRAVHLWTWGFYRVY,0.45742285,0.6208285689353943,6.109974384307861,/jet/home/aqi/results/pdbs/cand_252.pdb
cand_253,MRSARAQARLPRLILNNSGLKGLGINA,0.45766574,0.5509499907493591,12.322244644165039,/jet/home/aqi/results/pdbs/cand_253.pdb
cand_254,MRSAEPAASKAHGINEASGHQQVWWYVGRAAYWKQVIQ,0.45847252,0.5131633877754211,13.799079895019531,/jet/home/aqi/results/pdbs/cand_254.pdb
cand_255,MRSATAPHNHRIHNLRAYAVQRRR,0.45687476,0.6049718260765076,8.48870849609375,/jet/home/aqi/results/pdbs/cand_255.pdb
cand_256,MRSASSTWNVQYVAHQWLAILDFGRGNRR,0.45761654,0.5429065227508545,11.612939834594727,/jet/home/aqi/results/pdbs/cand_256.pdb
cand_257,MRSASSVASNDAVIGNGRRAYAGLYKQWE,0.45775265,0.5070145130157471,15.848501205444336,/jet/home/aqi/results/pdbs/cand_257.pdb
cand_258,MRSAAPLGWNGHAYWWVGAILLKGHHRK,0.45792395,0.4771934151649475,14.932035446166992,/jet/home/aqi/results/pdbs/cand_258.pdb
cand_259,MRSASAAGRRDAANNRVLWRGYDYDGQ,0.45570523,0.5475947260856628,14.039152145385742,/jet/home/aqi/results/pdbs/cand_259.pdb
cand_260,MRSAASWRVWFNSNILRFAGYW,0.4553447,0.6109418272972107,6.392580032348633,/jet/home/aqi/results/pdbs/cand_260.pdb
cand_261,MRSASANAANRQEALGFFNAARER,0.45631185,0.6956919431686401,4.3007588386535645,/jet/home/aqi/results/pdbs/cand_261.pdb
cand_262,MRSAESVNALRAEAANTRAVNRAQEKIK,0.45708966,0.7469052076339722,3.752401828765869,/jet/home/aqi/results/pdbs/cand_262.pdb
cand_263,MRSASQIVTARTYAVGAYTAYVVLESSRGLEWYGRH,0.45702466,0.5214415788650513,13.690364837646484,/jet/home/aqi/results/pdbs/cand_263.pdb
cand_264,MRSALFRRGFYHAAAVFTTSAN,0.45745662,0.6210780143737793,6.441736221313477,/jet/home/aqi/results/pdbs/cand_264.pdb
cand_265,MRSAANSANIFFGNDLTRARV,0.45721737,0.5217000842094421,10.284132957458496,/jet/home/aqi/results/pdbs/cand_265.pdb
cand_266,MRSAASFVRWEDAGRRRVLSEVYYRRE,0.45652458,0.555092453956604,15.222488403320312,/jet/home/aqi/results/pdbs/cand_266.pdb
cand_267,MRSAAQLAANERVNWARGLSRAVRIFTNYYLAEAHLWR,0.45695758,0.7244951128959656,4.649001598358154,/jet/home/aqi/results/pdbs/cand_267.pdb
cand_268,MRSAARSSAGNSANGIHYAILT,0.45736873,0.5159012079238892,12.366641998291016,/jet/home/aqi/results/pdbs/cand_268.pdb
cand_269,MRSAASLNNHGYWYVNSFRWHLALTGWLS,0.4570537,0.49446144700050354,13.386238098144531,/jet/home/aqi/results/pdbs/cand_269.pdb
cand_270,MRSARSARIRASYAIFWIWGLRYYGW,0.45620096,0.6708273887634277,5.449374675750732,/jet/home/aqi/results/pdbs/cand_270.pdb
cand_271,MRSAPSWLVHAGFNIFIWIAGGRQWN,0.45658663,0.6094662547111511,7.876504421234131,/jet/home/aqi/results/pdbs/cand_271.pdb
cand_272,MRSAAPGSRNLALETFIRRGYYIEL,0.45683995,0.5566059350967407,10.471816062927246,/jet/home/aqi/results/pdbs/cand_272.pdb
cand_273,MRSARLHARQVPAETNATGRTRLAVSTGYGE,0.45603082,0.5237789154052734,12.562191009521484,/jet/home/aqi/results/pdbs/cand_273.pdb
cand_274,MRSAARRRHKAHYNWWWGQVWGGEER,0.45671132,0.562400758266449,8.89940071105957,/jet/home/aqi/results/pdbs/cand_274.pdb
cand_275,MRSAGASSRNVHWDAIGRRNLIDPGIRAYGLYISGR,0.4578108,0.4207344055175781,17.04299545288086,/jet/home/aqi/results/pdbs/cand_275.pdb
cand_276,MRSARSASAPHGASLNSSRRLRYFIVVNARQEW,0.45611024,0.4744980037212372,15.229945182800293,/jet/home/aqi/results/pdbs/cand_276.pdb
cand_277,MRSAHFRRRHNAGWWAGISSGYKEW,0.4575052,0.5045595169067383,13.83328628540039,/jet/home/aqi/results/pdbs/cand_277.pdb
cand_278,MRSASLSSHDRVLLYPMLWTIIWALGIEAYRK,0.4577495,0.6958128809928894,6.2008771896362305,/jet/home/aqi/results/pdbs/cand_278.pdb
cand_279,MRSASRSSNTRWDVTFARGTYSGYEWWH,0.45467162,0.5322409272193909,16.00889778137207,/jet/home/aqi/results/pdbs/cand_279.pdb
cand_280,MRSAAAPRSAFASNLVILSWILAAEASDHRRY,0.45682094,0.644042432308197,8.440689086914062,/jet/home/aqi/results/pdbs/cand_280.pdb
cand_281,MRSAAANSNRFPVVALYAAYPSLGGAYEK,0.45925483,0.5000718235969543,16.589874267578125,/jet/home/aqi/results/pdbs/cand_281.pdb
cand_282,MRSAAGNGNLLFSTRGLGGEEWRRWI,0.4569749,0.5061530470848083,15.761029243469238,/jet/home/aqi/results/pdbs/cand_282.pdb
cand_283,MRSAAAGRRRGSSANFWAPVAEYIYER,0.45679593,0.5198981165885925,15.70812702178955,/jet/home/aqi/results/pdbs/cand_283.pdb
cand_284,MRSAASQLRNRTFHITNRRLTVWDLAGEWGRR,0.458147,0.5138866305351257,15.337324142456055,/jet/home/aqi/results/pdbs/cand_284.pdb
cand_285,MRSASAATRRYAESAIWLITRAYGERWYA,0.45609868,0.6015931367874146,8.880656242370605,/jet/home/aqi/results/pdbs/cand_285.pdb
cand_286,MRSAVSEQRHFDWYNNPQNRRLVGSSSRQWGR,0.45654655,0.5534107685089111,10.279577255249023,/jet/home/aqi/results/pdbs/cand_286.pdb
cand_287,MRSAGPANALVQSASIKWLWALASS,0.45819813,0.5433800220489502,11.495390892028809,/jet/home/aqi/results/pdbs/cand_287.pdb
cand_288,MRSASRAVWHNEETHLWRYAPWLGVRAAHQIARFLDWW,0.45466956,0.44966039061546326,13.724732398986816,/jet/home/aqi/results/pdbs/cand_288.pdb
cand_289,MRSAANRSRSTWTASVWIDFYYYHWA,0.45508114,0.5391451120376587,15.169164657592773,/jet/home/aqi/results/pdbs/cand_289.pdb
cand_290,MRSAPASARRLDGFLTAWRHLGSS,0.45668668,0.6110426187515259,8.165385246276855,/jet/home/aqi/results/pdbs/cand_290.pdb
cand_291,MRSASGLFFALQAVLFIILVWRHWWVR,0.45696068,0.7007910013198853,4.532043933868408,/jet/home/aqi/results/pdbs/cand_291.pdb
cand_292,MRSARRRAHVQAAGAASRRTVLEEERGL,0.45799533,0.7311041355133057,3.4331119060516357,/jet/home/aqi/results/pdbs/cand_292.pdb
cand_293,MRSAPSSSNQRRVPYFVGRRIWAIWGAYGYQ,0.4585654,0.4982169568538666,17.361797332763672,/jet/home/aqi/results/pdbs/cand_293.pdb
cand_294,MRSAAQAHQAIRNNHVAQLGL,0.4572213,0.7302228808403015,3.412696123123169,/jet/home/aqi/results/pdbs/cand_294.pdb
cand_295,MRSASSSNRRHFGEGNHPIFWIWGQEYRW,0.45696118,0.44368889927864075,14.716200828552246,/jet/home/aqi/results/pdbs/cand_295.pdb
cand_296,MRSAAGFWNARANGWNRRAVAGGYGEWYYRE,0.45718572,0.45449298620224,15.106070518493652,/jet/home/aqi/results/pdbs/cand_296.pdb
cand_297,MRSAPRSNAHHTFAFHTANGSGLGW,0.45670444,0.569719135761261,12.865694999694824,/jet/home/aqi/results/pdbs/cand_297.pdb
cand_298,MRSAAEATRHHASAYILGSRIFIGSSGER,0.45693788,0.47328871488571167,14.96908950805664,/jet/home/aqi/results/pdbs/cand_298.pdb
cand_299,MRSAGSALRAFYDGSNSRIHRRPINFQGQAR,0.45725667,0.48286205530166626,16.327972412109375,/jet/home/aqi/results/pdbs/cand_299.pdb
cand_300,MRSASSASRLGNSLLFWANAF,0.4579729,0.6143138408660889,6.25127649307251,/jet/home/aqi/results/pdbs/cand_300.pdb
cand_301,MRSAAETAGQVQEEYNAATARTNLFTSNGRRAALKAYRR,0.4601759,0.6243477463722229,10.690890312194824,/jet/home/aqi/results/pdbs/cand_301.pdb
cand_302,MRSASASNANRLVVGVIYVRAGVGYFLQ,0.45798928,0.6603336334228516,6.18023681640625,/jet/home/aqi/results/pdbs/cand_302.pdb
cand_303,MRSASASWATHFALHALTSAAKVWY,0.45862433,0.7087612152099609,4.099595546722412,/jet/home/aqi/results/pdbs/cand_303.pdb
cand_304,MRSASQLRRNPRQANAAIHRSRILFGEFHQE,0.45688555,0.6096518039703369,10.456388473510742,/jet/home/aqi/results/pdbs/cand_304.pdb
cand_305,MRSAPRSWNGHLAWNGGRLFANRAKKKRK,0.45974636,0.4844440519809723,14.257323265075684,/jet/home/aqi/results/pdbs/cand_305.pdb
cand_306,MRSAQINVFVEFTPYRLYAAGWLHRW,0.4566822,0.5793393850326538,14.3040189743042,/jet/home/aqi/results/pdbs/cand_306.pdb
cand_307,MRSARSSARLDRVGNVALQWWVIGAIYGYKYHQ,0.45618317,0.7167462110519409,4.718555927276611,/jet/home/aqi/results/pdbs/cand_307.pdb
cand_308,MRSAQTPFTGVKAGTVILSVWYAGANEYLR,0.45708397,0.5483490228652954,16.45073699951172,/jet/home/aqi/results/pdbs/cand_308.pdb
cand_309,MRSAHSRAAHGAFQHNKASAIAFTTRGQLKHR,0.45794368,0.5792694091796875,11.985634803771973,/jet/home/aqi/results/pdbs/cand_309.pdb
cand_310,MRSAAPRSSAAFSSYLHAAVVNYGYN,0.4569433,0.615304172039032,7.882237434387207,/jet/home/aqi/results/pdbs/cand_310.pdb
cand_311,MRSAHASLHNRGWYSSIAWGLVEWNYRELRWW,0.4553435,0.43226420879364014,16.111461639404297,/jet/home/aqi/results/pdbs/cand_311.pdb
cand_312,MRSAHRALGNAVIHTARLRRPRGANWFYEWIRL,0.4577305,0.5131680369377136,15.585933685302734,/jet/home/aqi/results/pdbs/cand_312.pdb
cand_313,MRSAPFRAHANYLNWNALEAWLISASSTGKVYHA,0.45752206,0.5204347372055054,11.706181526184082,/jet/home/aqi/results/pdbs/cand_313.pdb
cand_314,MRSAPAACKDVGWYFFGAGRRVWGAILS,0.4583553,0.5041000843048096,13.355548858642578,/jet/home/aqi/results/pdbs/cand_314.pdb
cand_315,MRSASLLSTWIGAATISFAHAVLAIGGYLGYGR,0.4603337,0.6803427934646606,6.385505199432373,/jet/home/aqi/results/pdbs/cand_315.pdb
cand_316,MRSASGSSRRGREDFRSWAAVGYRWGYRR,0.45870557,0.49869635701179504,16.600584030151367,/jet/home/aqi/results/pdbs/cand_316.pdb
cand_317,MRSARLTDNNRRANEVGKLGYRGNE,0.45654994,0.5794894099235535,12.807868003845215,/jet/home/aqi/results/pdbs/cand_317.pdb
cand_318,MRSAAASNSGRTVGAGANTLGLFLGYLREW,0.4587991,0.4631946086883545,15.55554485321045,/jet/home/aqi/results/pdbs/cand_318.pdb
cand_319,MRSAAVSSNKLIGATHFNAFLGGKYDR,0.45870146,0.5205013155937195,15.827509880065918,/jet/home/aqi/results/pdbs/cand_319.pdb
cand_320,MRSARSNAANFVHGYGWFFYLYWSGAI,0.45783848,0.6571873426437378,5.673359394073486,/jet/home/aqi/results/pdbs/cand_320.pdb
cand_321,MRSAEASFQRRLLGNDRYYT,0.45636567,0.5820176601409912,7.877670764923096,/jet/home/aqi/results/pdbs/cand_321.pdb
cand_322,MRSAGGSANQTPTTNHNWNAIFNYYQLRW,0.4555494,0.5306212306022644,13.743030548095703,/jet/home/aqi/results/pdbs/cand_322.pdb
cand_323,MRSARNSTHNSHEAFYLFLWINFREVWRQ,0.45614374,0.5404671430587769,10.255780220031738,/jet/home/aqi/results/pdbs/cand_323.pdb
cand_324,MRSAAFSTRRAIDNVARSRIIILEYGRRI,0.45974693,0.7234436273574829,3.6705234050750732,/jet/home/aqi/results/pdbs/cand_324.pdb
cand_325,MRSAPAAANRWHMEQWRWHWSAGQEAARWF,0.45518383,0.5223450660705566,12.831960678100586,/jet/home/aqi/results/pdbs/cand_325.pdb
cand_326,MRSARASLAAFLEDTERWRRAAAFTW,0.45609686,0.6973720788955688,4.8934807777404785,/jet/home/aqi/results/pdbs/cand_326.pdb
cand_327,MRSAAASSSQRVYGGIYYYLILDVEYYYYQIRK,0.45412073,0.5036514401435852,12.486364364624023,/jet/home/aqi/results/pdbs/cand_327.pdb
cand_328,MRSAALAWVNWLNNAPNYRQGYEGK,0.45671108,0.623855471611023,8.159358978271484,/jet/home/aqi/results/pdbs/cand_328.pdb
cand_329,MRSATAGNAKYWFTNSIAGWLRVEAYLWY,0.45599476,0.5962406992912292,8.5753173828125,/jet/home/aqi/results/pdbs/cand_329.pdb
cand_330,MRSAVQQGSKGYADDFGGLTALVVSAGQAAYAYLGRRL,0.46229804,0.5805165767669678,11.836326599121094,/jet/home/aqi/results/pdbs/cand_330.pdb
cand_331,MRSASLAAHRYFYTGGGARINNGYQQSR,0.45693284,0.5005196332931519,16.29505157470703,/jet/home/aqi/results/pdbs/cand_331.pdb
cand_332,MRSAPPLQNRRSNALFYDTNI,0.4559519,0.6100240349769592,11.36715316772461,/jet/home/aqi/results/pdbs/cand_332.pdb
cand_333,MRSAVPTNQNHAIFYYGLSLSGVLGRTSGRYEQYYY,0.45706844,0.4692060351371765,18.19601821899414,/jet/home/aqi/results/pdbs/cand_333.pdb
cand_334,MRSATSARRARDAVTARHYWR,0.45659915,0.6696552038192749,4.383486270904541,/jet/home/aqi/results/pdbs/cand_334.pdb
cand_335,MRSATASSARHIAVNGWWAVIEAEKNYGR,0.45889047,0.4864412248134613,12.622635841369629,/jet/home/aqi/results/pdbs/cand_335.pdb
cand_336,MRSAAARRRNHYESYLAARNLGVYYVSE,0.45503834,0.6383580565452576,7.718725204467773,/jet/home/aqi/results/pdbs/cand_336.pdb
cand_337,MRSARSSANWLAASTIRSAFGWAYEYLR,0.45686594,0.695249080657959,4.4133620262146,/jet/home/aqi/results/pdbs/cand_337.pdb
cand_338,MRSASTACRAFYENAVRVWAIYAGQWQ,0.45676172,0.6496663689613342,5.775979995727539,/jet/home/aqi/results/pdbs/cand_338.pdb
cand_339,MRSAARADRSFHFAWPVAAVFWGVYRKWY,0.45876467,0.49143949151039124,13.904231071472168,/jet/home/aqi/results/pdbs/cand_339.pdb
cand_340,MRSARESPRWYEYGAGAYARTFWGREGWVH,0.45747218,0.47342607378959656,14.136704444885254,/jet/home/aqi/results/pdbs/cand_340.pdb
cand_341,MRSATPVLNNRFTASVRVLGVTAGRHQYAA,0.45713407,0.5409502387046814,17.308862686157227,/jet/home/aqi/results/pdbs/cand_341.pdb
cand_342,MRSAGAAVRIQWGGIRAEWGYYAT,0.45825723,0.6702665090560913,5.925048828125,/jet/home/aqi/results/pdbs/cand_342.pdb
cand_343,MRSAASVVAAAASLYGYRPNGSFYRWEYG,0.45743948,0.5773425102233887,9.643576622009277,/jet/home/aqi/results/pdbs/cand_343.pdb
cand_344,MRSALSTDHHRHWDAALYRRAIRYWAYSWF,0.4572796,0.5372948050498962,10.047534942626953,/jet/home/aqi/results/pdbs/cand_344.pdb
cand_345,MRSAAIAGAVNPGGKRRVSAGEYLWNDLW,0.45661744,0.5008572936058044,16.20298194885254,/jet/home/aqi/results/pdbs/cand_345.pdb
cand_346,MRSASRIAAFYFTAVANGNATINFLQ,0.45722836,0.5285308957099915,10.014575958251953,/jet/home/aqi/results/pdbs/cand_346.pdb
cand_347,MRSASRLSRVRYYGRYRLGIGWQ,0.45771503,0.5104860067367554,14.658448219299316,/jet/home/aqi/results/pdbs/cand_347.pdb
cand_348,MRSASFLNAAKIVSLRAADREYWA,0.456383,0.6496261358261108,5.959550857543945,/jet/home/aqi/results/pdbs/cand_348.pdb
cand_349,MRSAQIQQKAFNYSNVWEGGAQRY,0.45705378,0.5177949666976929,14.129674911499023,/jet/home/aqi/results/pdbs/cand_349.pdb
cand_350,MRSALLEQARFASTVNGASLWRAWWAGREWGRQ,0.45836022,0.5429818630218506,10.055107116699219,/jet/home/aqi/results/pdbs/cand_350.pdb
cand_351,MRSATPATNHVRRNDLYVLFEWR,0.4554025,0.6083834171295166,12.27180004119873,/jet/home/aqi/results/pdbs/cand_351.pdb
cand_352,MRSAPNQAARWAVYARL,0.45717955,0.6088232398033142,6.860594749450684,/jet/home/aqi/results/pdbs/cand_352.pdb
cand_353,MRSAQPGRVRRVEEPWRLGWRAHQAYLRW,0.45788106,0.5886154770851135,11.935291290283203,/jet/home/aqi/results/pdbs/cand_353.pdb
cand_354,MRSAPRSIWNYRSSNNLGRTPVRAYYTWYHER,0.45477027,0.49212586879730225,16.191673278808594,/jet/home/aqi/results/pdbs/cand_354.pdb
cand_355,MRSAPPPNRRAYSTYFGHGLIITVLQWYRQ,0.45672604,0.5129303932189941,14.602413177490234,/jet/home/aqi/results/pdbs/cand_355.pdb
cand_356,MRSARLARWNFVTFRRVRLTGGENYKR,0.45634633,0.5341405272483826,15.700735092163086,/jet/home/aqi/results/pdbs/cand_356.pdb
cand_357,MRSASQQSRHPAASFFGRVNASTFASTSVYYEAGHLGQV,0.4570896,0.46310752630233765,18.744911193847656,/jet/home/aqi/results/pdbs/cand_357.pdb
cand_358,MRSASSSFHRADGWFGLRGVIWNALQEWRRW,0.45720777,0.5615170001983643,10.601314544677734,/jet/home/aqi/results/pdbs/cand_358.pdb
cand_359,MRSAAANRTREHAGAARRRRVAWLGTGAEENYEI,0.4563233,0.5247389674186707,18.34521484375,/jet/home/aqi/results/pdbs/cand_359.pdb
cand_360,MRSAPQQSSRRDHGITHNLYHTSAWEYQAFVR,0.4557713,0.518231987953186,16.58727264404297,/jet/home/aqi/results/pdbs/cand_360.pdb
cand_361,MRSAEASAKAAPFAAFSQKNRFGFAGQVHL,0.457247,0.5579491853713989,13.494795799255371,/jet/home/aqi/results/pdbs/cand_361.pdb
cand_362,MRSAGFENGRQVLAAYRRHILNAEKEGYW,0.456821,0.6278895735740662,7.662413597106934,/jet/home/aqi/results/pdbs/cand_362.pdb
cand_363,MRSAHRTARHLYNNWANAAEIG,0.4579313,0.6750485301017761,4.364840507507324,/jet/home/aqi/results/pdbs/cand_363.pdb
cand_364,MRSASVSGRRAASNNVWYNNAVFVEVTGVYAERIY,0.45588657,0.4667903482913971,18.508075714111328,/jet/home/aqi/results/pdbs/cand_364.pdb
cand_365,MRSAANENRALVAERRTRGRWLVASGLAEYNQAY,0.45551077,0.5464968681335449,11.605623245239258,/jet/home/aqi/results/pdbs/cand_365.pdb
cand_366,MRSARLPSFGLLGAIWQYWPVGTENRRERR,0.45787308,0.5175139307975769,15.552434921264648,/jet/home/aqi/results/pdbs/cand_366.pdb
cand_367,MRSASFPSTRFIANLILAGYY,0.45816562,0.6816553473472595,6.463854789733887,/jet/home/aqi/results/pdbs/cand_367.pdb
cand_368,MRSATLIRNRNHAEIGFVLLLIEGNKEILRQ,0.45695823,0.5190482139587402,12.547811508178711,/jet/home/aqi/results/pdbs/cand_368.pdb
cand_369,MRSAALVSAWHGALFNRVGLNAAAREAHGL,0.45790902,0.5659659504890442,10.770050048828125,/jet/home/aqi/results/pdbs/cand_369.pdb
cand_370,MRSAAPPSRRPTYAGSLIGVVTSEELRYYY,0.4557457,0.5233997106552124,11.201251983642578,/jet/home/aqi/results/pdbs/cand_370.pdb
cand_371,MRSAAAPLGARLAAVFVRYFIWQDAYVYYL,0.45545423,0.531144917011261,13.547738075256348,/jet/home/aqi/results/pdbs/cand_371.pdb
cand_372,MRSAASTARFEFEVVWTYPIVGGREGRQRG,0.45676923,0.5669674277305603,16.131784439086914,/jet/home/aqi/results/pdbs/cand_372.pdb
cand_373,MRSAGAHSAGAEGLASTGRRFRSAAYAQEW,0.45825484,0.4984937608242035,16.646717071533203,/jet/home/aqi/results/pdbs/cand_373.pdb
cand_374,MRSARAVTDRFQYAGITGHVINLRRAELWY,0.45536327,0.48714062571525574,16.142013549804688,/jet/home/aqi/results/pdbs/cand_374.pdb
cand_375,MRSAARCANFLNFVGGGAWLFKRYL,0.46033674,0.6039476990699768,7.682661056518555,/jet/home/aqi/results/pdbs/cand_375.pdb
cand_376,MRSASATRRSGHVEDRGRAARSAVWGWDGYWAEEIHGQQK,0.45809898,0.43301016092300415,19.532947540283203,/jet/home/aqi/results/pdbs/cand_376.pdb
cand_377,MRSATGLQNAKILDYSSWVEWNAGRGGQR,0.4572304,0.48437193036079407,14.348965644836426,/jet/home/aqi/results/pdbs/cand_377.pdb
cand_378,MRSASPERLTRTVANSANGRWAVAGQEWHGRQYE,0.45591587,0.5062689185142517,13.693933486938477,/jet/home/aqi/results/pdbs/cand_378.pdb
cand_379,MRSASAVHNFLGLQLARALIW,0.45743203,0.6869879961013794,4.2517547607421875,/jet/home/aqi/results/pdbs/cand_379.pdb
cand_380,MRSAVATNSRYETNAGAQWYANGREHRR,0.45621914,0.519101619720459,16.175792694091797,/jet/home/aqi/results/pdbs/cand_380.pdb
cand_381,MRSAARTTVRRRLDDSGRRRAILAWFGWREY,0.45790756,0.5930310487747192,10.910308837890625,/jet/home/aqi/results/pdbs/cand_381.pdb
cand_382,MRSASSFGFFPFGAQRNVLQW,0.45738757,0.5289222598075867,10.980539321899414,/jet/home/aqi/results/pdbs/cand_382.pdb
cand_383,MRSASPLANNGRGSNGWIELAASIAGIIGGGYLANHKR,0.45906755,0.571975827217102,12.901326179504395,/jet/home/aqi/results/pdbs/cand_383.pdb
cand_384,MRSARGCLAAHAAVNVWLGLGYERYL,0.45761615,0.6319265961647034,6.898231029510498,/jet/home/aqi/results/pdbs/cand_384.pdb
cand_385,MRSAASAGRFRDGGANAYWYRAGLLANGEWRYE,0.4550165,0.48876869678497314,14.35711669921875,/jet/home/aqi/results/pdbs/cand_385.pdb
cand_386,MRSATASAAARHASTAVWLTF,0.4569507,0.6867387294769287,3.979905128479004,/jet/home/aqi/results/pdbs/cand_386.pdb
cand_387,MRSARGSASAFFHPNIRLRGRTNDYYHEL,0.45687065,0.5383957028388977,16.403230667114258,/jet/home/aqi/results/pdbs/cand_387.pdb
cand_388,MRSAPRANHFWFATNGLSRAGAGEWW,0.45570892,0.5005326271057129,13.651962280273438,/jet/home/aqi/results/pdbs/cand_388.pdb
cand_389,MRSAESNRTRFIAGNTGGGAII,0.45773375,0.5602836608886719,12.866939544677734,/jet/home/aqi/results/pdbs/cand_389.pdb
cand_390,MRSAPAAADRKLAEGGRTGLRPGAWSVI,0.45955238,0.5521982312202454,13.733475685119629,/jet/home/aqi/results/pdbs/cand_390.pdb
cand_391,MRSAASTRRHKFHAAGLFTVPAGSLYGRYNNE,0.45676503,0.47233614325523376,17.06513214111328,/jet/home/aqi/results/pdbs/cand_391.pdb
cand_392,MRSAPRAAHSRLGASGFHNPIGLAVADEYWRRH,0.45632216,0.4828519821166992,12.870077133178711,/jet/home/aqi/results/pdbs/cand_392.pdb
cand_393,MRSAHAARAHTRETVFWNAWNGYQN,0.45591953,0.6703811287879944,4.5779852867126465,/jet/home/aqi/results/pdbs/cand_393.pdb
cand_394,MRSARVHDNTIVLNENLYYRAINR,0.45628518,0.5752424001693726,11.29973030090332,/jet/home/aqi/results/pdbs/cand_394.pdb
cand_395,MRSAHRRNHPFEAITQWFIWY,0.45596734,0.5828970074653625,12.240768432617188,/jet/home/aqi/results/pdbs/cand_395.pdb
cand_396,MRSAAILDAAKQMVHTVAFSNRVNL,0.45792702,0.6929110884666443,4.508558750152588,/jet/home/aqi/results/pdbs/cand_396.pdb
cand_397,MRSAPAPSRFLAEWGVSARAFLGFEVWRQQ,0.458247,0.5161288976669312,12.932259559631348,/jet/home/aqi/results/pdbs/cand_397.pdb
cand_398,MRSAPPAWFKTFDFGRFHHNAGWIYPESSNFFGTFQGARA,0.45683157,0.44037118554115295,15.471718788146973,/jet/home/aqi/results/pdbs/cand_398.pdb
cand_399,MRSAAEWNRSEFAGYNRYWSRAAVLNA,0.45744964,0.5317821502685547,12.712606430053711,/jet/home/aqi/results/pdbs/cand_399.pdb
cand_400,MRSAALASKRRDFYGRLDVIFFIVVGAGQEVHQG,0.45721933,0.57157963514328,11.234272003173828,/jet/home/aqi/results/pdbs/cand_400.pdb
cand_401,MRSAASASAHFFFLNAGLFWWARG,0.45697755,0.676794171333313,4.462827682495117,/jet/home/aqi/results/pdbs/cand_401.pdb
cand_402,MRSASRSARFLFAVTFQLWAFVGGTNGGERR,0.45774356,0.5713189840316772,10.568668365478516,/jet/home/aqi/results/pdbs/cand_402.pdb
cand_403,MRSAPASSRQVRVAGGAGIHQRNYSWERYIYW,0.45528388,0.5244205594062805,17.298490524291992,/jet/home/aqi/results/pdbs/cand_403.pdb
cand_404,MRSAERISRHWEVNWFHAYSASKQA,0.45713538,0.6994824409484863,3.7604944705963135,/jet/home/aqi/results/pdbs/cand_404.pdb
cand_405,MRSAEHAPRNWYATTAIRRASGYAFWGWGEW,0.45658404,0.4601649045944214,13.370889663696289,/jet/home/aqi/results/pdbs/cand_405.pdb
cand_406,MRSATTSWGTNILYLQKSWNALGVIGQGYH,0.45850608,0.49855610728263855,17.01544952392578,/jet/home/aqi/results/pdbs/cand_406.pdb
cand_407,MRSASAVRNRRWEHAGNYAVWWSGRYVERYLY,0.45524728,0.44610029458999634,16.29804229736328,/jet/home/aqi/results/pdbs/cand_407.pdb
cand_408,MRSAAALASAFEGFAFSRRYWLGRGGYRRL,0.45912653,0.5561904311180115,12.665861129760742,/jet/home/aqi/results/pdbs/cand_408.pdb
cand_409,MRSARAHAISGAIGKWVNG,0.45855352,0.698054850101471,2.9123480319976807,/jet/home/aqi/results/pdbs/cand_409.pdb
cand_410,MRSAAVASRHPFNEAYRSNRVFLSLGYYQLYEKR,0.45664662,0.4609793722629547,16.5275936126709,/jet/home/aqi/results/pdbs/cand_410.pdb
cand_411,MRSASLSSAIRRFFAGGLLAAFSESHELR,0.45743036,0.5678034424781799,10.499469757080078,/jet/home/aqi/results/pdbs/cand_411.pdb
cand_412,MRSASPRHGLAVNEVYWSSAIIIRYEYYRR,0.45491832,0.5213649272918701,16.575416564941406,/jet/home/aqi/results/pdbs/cand_412.pdb
cand_413,MRSAPRAANFWWHNGYFNLAWGVSAYY,0.45685413,0.5169368982315063,11.564364433288574,/jet/home/aqi/results/pdbs/cand_413.pdb
cand_414,MRSAPGAAAIVNNHSVLLSYQQYR,0.4567795,0.5013564825057983,13.809629440307617,/jet/home/aqi/results/pdbs/cand_414.pdb
cand_415,MRSAAAPWNSLKEGGTRRALYSLVTSRAFYETEVHLKRH,0.4576116,0.5389609932899475,11.931816101074219,/jet/home/aqi/results/pdbs/cand_415.pdb
cand_416,MRSAAPSNSRLPATISTTYYAG,0.45698586,0.5904530882835388,13.01346492767334,/jet/home/aqi/results/pdbs/cand_416.pdb
cand_417,MRSAPHATTHSVYNGVYGLAFGGAGAGRLKWW,0.4581609,0.4703226089477539,17.600421905517578,/jet/home/aqi/results/pdbs/cand_417.pdb
cand_418,MRSASPRAARYVFGYPTGWINPTIFWWRH,0.45610574,0.4830548167228699,14.142621994018555,/jet/home/aqi/results/pdbs/cand_418.pdb
cand_419,MRSAQAPRATRLTFVKLRRAIFLGSSN,0.4576984,0.6305667757987976,14.418127059936523,/jet/home/aqi/results/pdbs/cand_419.pdb
cand_420,MRSAARAANRQSSNGRWLLHVGAREERIYRR,0.4578727,0.5116093754768372,13.33377742767334,/jet/home/aqi/results/pdbs/cand_420.pdb
cand_421,MRSAAQRASRRINNLWVRE,0.4575083,0.638181746006012,5.209258079528809,/jet/home/aqi/results/pdbs/cand_421.pdb
cand_422,MRSAHRSLLADVPFGVGALHLAIVGLYRRSRNHE,0.45789814,0.5711203813552856,10.821398735046387,/jet/home/aqi/results/pdbs/cand_422.pdb
cand_423,MRSARRAGNRWAANVAGSLVVIYYYYQ,0.4567089,0.7303387522697449,3.46274733543396,/jet/home/aqi/results/pdbs/cand_423.pdb
cand_424,MRSASSSARLHETAALNSPLLAVFAQR,0.4571151,0.6307265162467957,7.283134937286377,/jet/home/aqi/results/pdbs/cand_424.pdb
cand_425,MRSARIASARHVGIGGRLAPFWRGQYYK,0.45852342,0.49059173464775085,13.444998741149902,/jet/home/aqi/results/pdbs/cand_425.pdb
cand_426,MRSAATANNRRRGFEHYAELLYQSK,0.45657268,0.7019934058189392,4.106699466705322,/jet/home/aqi/results/pdbs/cand_426.pdb
cand_427,MRSAHEQSHAHREYGYYSYAIPWYRAHR,0.45594254,0.5174367427825928,11.132481575012207,/jet/home/aqi/results/pdbs/cand_427.pdb
cand_428,MRSATANRLAYAFAFGRFWWGTLTSLKQWY,0.45732644,0.6875708103179932,4.9428839683532715,/jet/home/aqi/results/pdbs/cand_428.pdb
cand_429,MRSARRRWREVASWTWADTYEANLWL,0.45537457,0.5841996073722839,10.284297943115234,/jet/home/aqi/results/pdbs/cand_429.pdb
cand_430,MRSASRAQVRAINDLGVGIAWILRAGLLNWW,0.45804703,0.6952312588691711,5.528600692749023,/jet/home/aqi/results/pdbs/cand_430.pdb
cand_431,MRSAVTGSNIYGYFGWQASRVTGYYYGR,0.45641667,0.479261189699173,15.157576560974121,/jet/home/aqi/results/pdbs/cand_431.pdb
cand_432,MRSAGRRRHRNYFATNAAYLWYNAGGDGWEQYKR,0.45823994,0.4837360382080078,13.586185455322266,/jet/home/aqi/results/pdbs/cand_432.pdb
cand_433,MRSATSAVRLYYAGVVGAVIGS,0.45909587,0.6938866972923279,4.626520156860352,/jet/home/aqi/results/pdbs/cand_433.pdb
cand_434,MRSATSIRSFTYGVAWGKTNYNYAFSVTLQLEYI,0.4559549,0.5185573101043701,14.094265937805176,/jet/home/aqi/results/pdbs/cand_434.pdb
cand_435,MRSATIQVRRHTEDVARRRRCGLVAGAEHYNR,0.45652872,0.6016538739204407,9.250370025634766,/jet/home/aqi/results/pdbs/cand_435.pdb
cand_436,MRSASRGAQWTVVGVSGWAWAL,0.45873463,0.5440199375152588,13.739041328430176,/jet/home/aqi/results/pdbs/cand_436.pdb
cand_437,MRSASEAAANNRTTALWYVLLLYDVLLQYRR,0.4545667,0.747462809085846,3.514025926589966,/jet/home/aqi/results/pdbs/cand_437.pdb
cand_438,MRSASGSRNFTVEDIAFGARYERRY,0.4576713,0.5296539068222046,12.76382064819336,/jet/home/aqi/results/pdbs/cand_438.pdb
cand_439,MRSAPERLRGRHEYNVTERRRFGIFNEQYW,0.45568526,0.5031102895736694,15.5835599899292,/jet/home/aqi/results/pdbs/cand_439.pdb
cand_440,MRSAARAATGALYANNYFLRIPVEIAFWGERH,0.45673907,0.4659138321876526,14.774364471435547,/jet/home/aqi/results/pdbs/cand_440.pdb
cand_441,MRSAPSRHNRAFNIYYNLQPLFVLQPSYGYEYEVKWL,0.45368567,0.48526856303215027,17.01427459716797,/jet/home/aqi/results/pdbs/cand_441.pdb
cand_442,MRSAARGRSNWFNGNYFVLWSAGGGYL,0.45746383,0.5013115406036377,13.035563468933105,/jet/home/aqi/results/pdbs/cand_442.pdb
cand_443,MRSAPANARVTWDEGASAYWRAVIAWAYNGKLYDR,0.4579218,0.5356926918029785,11.92872142791748,/jet/home/aqi/results/pdbs/cand_443.pdb
cand_444,MRSAPNSNNRPRESAINVHPVYSYAYRYI,0.4556322,0.5878859758377075,14.766254425048828,/jet/home/aqi/results/pdbs/cand_444.pdb
cand_445,MRSASAANRVERVLHGFHLRRRRFILLDYRLYL,0.45749524,0.5835198760032654,11.589670181274414,/jet/home/aqi/results/pdbs/cand_445.pdb
cand_446,MRSAEERRSGRGLLFFYFGDKY,0.4569071,0.5506426095962524,11.987096786499023,/jet/home/aqi/results/pdbs/cand_446.pdb
cand_447,MRSAAPPNNRHHYGTVLSLIFALS,0.45767814,0.650238037109375,8.944609642028809,/jet/home/aqi/results/pdbs/cand_447.pdb
cand_448,MRSAAIAGAHTRTIYSLISGGASWLVVFHQN,0.45767477,0.47793272137641907,16.0002384185791,/jet/home/aqi/results/pdbs/cand_448.pdb
cand_449,MRSAHLLQNRHVAFVGGFLSWRFNLAVYRAERWY,0.45650893,0.4299297630786896,15.213926315307617,/jet/home/aqi/results/pdbs/cand_449.pdb
cand_450,MRSAPNSTAQRGAWIRL,0.45714718,0.5502915978431702,9.965813636779785,/jet/home/aqi/results/pdbs/cand_450.pdb
cand_451,MRSARTSHNKRLNFYVAVVS,0.4573341,0.7008234858512878,2.8523316383361816,/jet/home/aqi/results/pdbs/cand_451.pdb
cand_452,MRSAPLASHRFHFAFLFQ,0.45784673,0.5654112100601196,10.952534675598145,/jet/home/aqi/results/pdbs/cand_452.pdb
cand_453,MRSAASNSHSVTAVTNTAGRGRALGSI,0.4574519,0.5662209987640381,15.435487747192383,/jet/home/aqi/results/pdbs/cand_453.pdb
cand_454,MRSARPTQRRVNTNGWVALFGREKYY,0.45768467,0.5603761076927185,15.363463401794434,/jet/home/aqi/results/pdbs/cand_454.pdb
cand_455,MRSAPPNCRVRNEYFFHASGWWRRWYE,0.456639,0.5247835516929626,9.164819717407227,/jet/home/aqi/results/pdbs/cand_455.pdb
cand_456,MRSAVRAAHHYHGFTVGGHYYAFTAVGNQR,0.4583618,0.6327081322669983,8.411640167236328,/jet/home/aqi/results/pdbs/cand_456.pdb
cand_457,MRSAPSISRYFQLENWIGRVFSGRASARQYRNR,0.45735267,0.5662684440612793,10.010330200195312,/jet/home/aqi/results/pdbs/cand_457.pdb
cand_458,MRSAESNNHNLRYAAAIYLRILIAYQRWH,0.45603067,0.7147238254547119,3.812711238861084,/jet/home/aqi/results/pdbs/cand_458.pdb
cand_459,MRSAAPPARLYHESLRRAAAWLFARQWRK,0.4599619,0.6498696804046631,7.804213523864746,/jet/home/aqi/results/pdbs/cand_459.pdb
cand_460,MRSARSSSRRIALANIYRLGSGEDEW,0.45679408,0.5787362456321716,9.922944068908691,/jet/home/aqi/results/pdbs/cand_460.pdb
cand_461,MRSATSGRATYHAAITGHAFVLGELGRGYAA,0.45858634,0.4383399784564972,16.42918586730957,/jet/home/aqi/results/pdbs/cand_461.pdb
cand_462,MRSATELQRGRIQAADKFRVSVNWNYAQQY,0.45529103,0.6345838308334351,10.190958976745605,/jet/home/aqi/results/pdbs/cand_462.pdb
cand_463,MRSASPPSATVFTVYTRTATIVA,0.45802918,0.7052547335624695,10.194365501403809,/jet/home/aqi/results/pdbs/cand_463.pdb
cand_464,MRSAAPSHRGVQYNTVLFHWER,0.45622462,0.6238115429878235,11.8831148147583,/jet/home/aqi/results/pdbs/cand_464.pdb
cand_465,MRSARASSNQRHTALGFLGWGNWQEGA,0.45707625,0.4945230782032013,15.703329086303711,/jet/home/aqi/results/pdbs/cand_465.pdb
cand_466,MRSAGPSSWHESAHFTLFRWEAGRYYEFFKKF,0.45780474,0.4999641478061676,14.023246765136719,/jet/home/aqi/results/pdbs/cand_466.pdb
cand_467,MRSAASSANNRHFDNNVQVNQISYGGRW,0.45696294,0.5268272757530212,15.605131149291992,/jet/home/aqi/results/pdbs/cand_467.pdb
cand_468,MRSAAAGSQERQEAVGRRVLTAFFAFRHGLWLY,0.45614445,0.6339203715324402,7.420272350311279,/jet/home/aqi/results/pdbs/cand_468.pdb
cand_469,MRSAGAAGARIVVANNLGRVPIGAGNYIWK,0.45821682,0.5036309361457825,13.101123809814453,/jet/home/aqi/results/pdbs/cand_469.pdb
cand_470,MRSASAAFNRFQYASVAGWAVWAKGG,0.45858142,0.5244112610816956,12.626829147338867,/jet/home/aqi/results/pdbs/cand_470.pdb
cand_471,MRSAANSSRRHVIAGKFRGFGAVINSGEQDLYLW,0.45546046,0.4313600957393646,16.63890266418457,/jet/home/aqi/results/pdbs/cand_471.pdb
cand_472,MRSAGLAHSQRYVNLWRIAFIALERWD,0.45517606,0.572699248790741,9.622163772583008,/jet/home/aqi/results/pdbs/cand_472.pdb
cand_473,MRSAAESARLAFIHSGRRGGRINAAYGEAYQYR,0.4578011,0.520276665687561,11.8538236618042,/jet/home/aqi/results/pdbs/cand_473.pdb
cand_474,MRSAAFAANKLYVFSIWWIFFNNGLGERY,0.45447305,0.6307827234268188,6.748834133148193,/jet/home/aqi/results/pdbs/cand_474.pdb
cand_475,MRSALRSSSKVFGVSLYNRRISNGVWYQQEIA,0.45681742,0.4582000970840454,13.906858444213867,/jet/home/aqi/results/pdbs/cand_475.pdb
cand_476,MRSAAVVSTAAYYGYGRVLRNAFLSAYEVRNQW,0.45672533,0.4821188151836395,13.960335731506348,/jet/home/aqi/results/pdbs/cand_476.pdb
cand_477,MRSAPGSSNAENSVARARAPVGPYTNSAWGYEYTGHK,0.45636633,0.4651558995246887,17.319732666015625,/jet/home/aqi/results/pdbs/cand_477.pdb
cand_478,MRSASAFFSYTGNIARLYLY,0.45756522,0.6795834898948669,3.9281232357025146,/jet/home/aqi/results/pdbs/cand_478.pdb
cand_479,MRSARASNNARTWFSGFLWNVY,0.45589095,0.5562066435813904,9.515297889709473,/jet/home/aqi/results/pdbs/cand_479.pdb
cand_480,MRSAQAAANRNRFEAAYLYQRVVGIPLWQQSYLW,0.45330784,0.6971562504768372,3.7914586067199707,/jet/home/aqi/results/pdbs/cand_480.pdb
cand_481,MRSAPSVRRNWLLDAIGRRVAISYWLGERRDR,0.45599955,0.5476118922233582,11.17080307006836,/jet/home/aqi/results/pdbs/cand_481.pdb
cand_482,MRSARIRWAWFLAGNHYRWANVAGGFAGRQHE,0.45728037,0.45314037799835205,14.659197807312012,/jet/home/aqi/results/pdbs/cand_482.pdb
cand_483,MRSAPSAARTASAPVFQRRRALLVTWRGWLYRRT,0.4590997,0.5185138583183289,18.036069869995117,/jet/home/aqi/results/pdbs/cand_483.pdb
cand_484,MRSARRIFFIFAFSVLWWRRQR,0.4578234,0.6893300414085388,3.2244081497192383,/jet/home/aqi/results/pdbs/cand_484.pdb
cand_485,MRSAAFWNGEFAWVNPGLGRRGGALLWAGREWWQ,0.4560609,0.4697921574115753,13.437082290649414,/jet/home/aqi/results/pdbs/cand_485.pdb
cand_486,MRSALHRSGNAYWWWARVTWGGGEYG,0.45649907,0.549224853515625,11.74267578125,/jet/home/aqi/results/pdbs/cand_486.pdb
cand_487,MRSASSAHAALHDGGTALLSRGQHYK,0.45747292,0.5103864073753357,12.920814514160156,/jet/home/aqi/results/pdbs/cand_487.pdb
cand_488,MRSASHSTRWRLITAATRRLANISSANELLYY,0.45639914,0.6193413734436035,10.458026885986328,/jet/home/aqi/results/pdbs/cand_488.pdb
cand_489,MRSAPLNNRHIDIQRNLWSFAGRW,0.45756257,0.5436190962791443,13.937378883361816,/jet/home/aqi/results/pdbs/cand_489.pdb
cand_490,MRSASGGRRYNVGDFRIFAFSAIW,0.45746523,0.548307478427887,13.922382354736328,/jet/home/aqi/results/pdbs/cand_490.pdb
cand_491,MRSAGSSGFRFAAGFLFGYAYI,0.45711067,0.5846056342124939,8.254432678222656,/jet/home/aqi/results/pdbs/cand_491.pdb
cand_492,MRSAERTNRSHRRGLSTYIILTFWGVGEGY,0.45643228,0.5020154714584351,16.886966705322266,/jet/home/aqi/results/pdbs/cand_492.pdb
cand_493,MRSAPRHAGLLNGALWYNL,0.45718205,0.5187605619430542,11.84472942352295,/jet/home/aqi/results/pdbs/cand_493.pdb
cand_494,MRSAAASNNRAAESAVGRATVRRRADASVASIGLYEAL,0.45826253,0.5131990313529968,16.686948776245117,/jet/home/aqi/results/pdbs/cand_494.pdb
cand_495,MRSARESDGRVWYDTLFIRIFTGWIIFNLYQKHWW,0.45320767,0.6420890092849731,8.159441947937012,/jet/home/aqi/results/pdbs/cand_495.pdb
cand_496,MRSAARAWHHPGANWLHRSGWAWLLGGRAWLELLYGH,0.45724696,0.4501543641090393,13.806593894958496,/jet/home/aqi/results/pdbs/cand_496.pdb
cand_497,MRSAARNNALHAAVNLWYILALHL,0.45622995,0.7374855875968933,3.2570881843566895,/jet/home/aqi/results/pdbs/cand_497.pdb
cand_498,MRSAAAAASRLRLAFGVLAWWTNLAANVHLWHR,0.45758113,0.7124868035316467,4.611039638519287,/jet/home/aqi/results/pdbs/cand_498.pdb
cand_499,MRSARQTNRLKWQDVRWLNWVLVNGYEEWHRY,0.45400405,0.5121728181838989,12.141626358032227,/jet/home/aqi/results/pdbs/cand_499.pdb
cand_500,MRSATRSLHAEVSALRLHGYLYQHYLY,0.4555836,0.7150912880897522,3.2774581909179688,/jet/home/aqi/results/pdbs/cand_500.pdb
cand_501,MRSAAARRRRRTHHAGWVWGPLVNAAAYYY,0.45679694,0.5597257018089294,12.316293716430664,/jet/home/aqi/results/pdbs/cand_501.pdb
cand_502,MRSAAEANRGRAYYAFNLGNHTLNNLLNEK,0.4564282,0.7167981863021851,4.2696003913879395,/jet/home/aqi/results/pdbs/cand_502.pdb
cand_503,MRSAAASLNYAVYGTLRRWAIRRGEHIYIE,0.45741123,0.6454814076423645,6.316839218139648,/jet/home/aqi/results/pdbs/cand_503.pdb
cand_504,MRSAVAFANRALYQTFGTARVATGNGGRIRY,0.4589362,0.5219363570213318,11.380367279052734,/jet/home/aqi/results/pdbs/cand_504.pdb
cand_505,MRSARPSAWNPEGNLIYNRAKGGWR,0.4590964,0.5438989400863647,10.653095245361328,/jet/home/aqi/results/pdbs/cand_505.pdb
cand_506,MRSASRRFTGVNNSAYFVVSWYGGEGHY,0.45580724,0.49465706944465637,15.845693588256836,/jet/home/aqi/results/pdbs/cand_506.pdb
cand_507,MRSAAVRRNNWELAGKWTAFAAALSWRYGDAEWR,0.45511574,0.6300844550132751,7.781126022338867,/jet/home/aqi/results/pdbs/cand_507.pdb
cand_508,MRSASAACAKNHVVSAFHSAIIGFEGYQRF,0.45830312,0.567514955997467,10.645349502563477,/jet/home/aqi/results/pdbs/cand_508.pdb
cand_509,MRSAEAPERAHYVAISFLLKARVNAPVNGEAEWRHWGK,0.45712444,0.5230534076690674,13.855398178100586,/jet/home/aqi/results/pdbs/cand_509.pdb
cand_510,MRSAQISTHVGRAGGISLNLWWVVAGRYYHEFTRL,0.45865926,0.45324257016181946,14.980749130249023,/jet/home/aqi/results/pdbs/cand_510.pdb
cand_511,MRSARLASNRDHAFWLRGWAA,0.4575529,0.5759503841400146,8.89887523651123,/jet/home/aqi/results/pdbs/cand_511.pdb
cand_512,MRSASFWSSTTVLYSNLLTTYPAFALWAWDLYRAILR,0.4567504,0.6568791270256042,7.658358573913574,/jet/home/aqi/results/pdbs/cand_512.pdb
cand_513,MRSAAAADQARASANAGRHVRRNLRFIGRYERLW,0.45822993,0.652211606502533,7.15944242477417,/jet/home/aqi/results/pdbs/cand_513.pdb
cand_514,MRSAGNISAHVHTTVNLGAAYLRNTVAVDGREEWRK,0.4572237,0.48818039894104004,19.187660217285156,/jet/home/aqi/results/pdbs/cand_514.pdb
cand_515,MRSARVPTSNTRLANLGGAICAWLAWGEKNG,0.45770535,0.6128612160682678,10.292305946350098,/jet/home/aqi/results/pdbs/cand_515.pdb
cand_516,MRSAGPSSSHNHDLASFVTWARILLNVGYQPRRE,0.4577193,0.5491271615028381,13.461731910705566,/jet/home/aqi/results/pdbs/cand_516.pdb
cand_517,MRSAGPRSASYRLWNNAPGGSRRANSSRAEEYRYVW,0.45653528,0.48362576961517334,18.2199649810791,/jet/home/aqi/results/pdbs/cand_517.pdb
cand_518,MRSAAAAGQNRWYDPHYRLGSNNQGWYGV,0.4561025,0.4480292797088623,14.593303680419922,/jet/home/aqi/results/pdbs/cand_518.pdb
cand_519,MRSAPRPHNHEAFYFFLNAAGVARERYHY,0.45586708,0.5501804947853088,12.660978317260742,/jet/home/aqi/results/pdbs/cand_519.pdb
cand_520,MRSASRSCRHESNRWLVGEYKGDWWY,0.4560164,0.5353507399559021,15.533234596252441,/jet/home/aqi/results/pdbs/cand_520.pdb
cand_521,MRSAATARHHFQGAYLLKLGSYFANIGQQYY,0.45708108,0.7065663933753967,4.596190929412842,/jet/home/aqi/results/pdbs/cand_521.pdb
cand_522,MRSASPSCRLYSNFVLRNVLGHQFAAGGHWHQ,0.45745808,0.501731276512146,14.919914245605469,/jet/home/aqi/results/pdbs/cand_522.pdb
cand_523,MRSATPPFAFFHAASNFWTALIETNGRARGKWNW,0.45556304,0.4978792071342468,14.710416793823242,/jet/home/aqi/results/pdbs/cand_523.pdb
cand_524,MRSASGPGRNRRFLTGALDVYRRFVSGDSNGLAGIKYQGL,0.45817834,0.5131474137306213,14.545380592346191,/jet/home/aqi/results/pdbs/cand_524.pdb
cand_525,MRSATRSNRRVVEAGAWYGGKLGWWER,0.4584528,0.49824562668800354,16.090360641479492,/jet/home/aqi/results/pdbs/cand_525.pdb
cand_526,MRSAATTVRRTKFYWGTATVFVYEWHW,0.45504537,0.6891462802886963,5.833059310913086,/jet/home/aqi/results/pdbs/cand_526.pdb
cand_527,MRSAPAPLRAWSSNQRSHRLIIHQL,0.45650977,0.6222137212753296,13.076101303100586,/jet/home/aqi/results/pdbs/cand_527.pdb
cand_528,MRSAAATRRRAEAASGAWYGVVGQQYR,0.4575341,0.5711297392845154,9.816365242004395,/jet/home/aqi/results/pdbs/cand_528.pdb
cand_529,MRSASAARWHPVFGNTRVVRVLLEENWGKEYIG,0.4561316,0.48827001452445984,18.05252456665039,/jet/home/aqi/results/pdbs/cand_529.pdb
cand_530,MRSARRAAHAVYSRGLNGRRK,0.45911986,0.5785356163978577,8.218247413635254,/jet/home/aqi/results/pdbs/cand_530.pdb
cand_531,MRSAHGSAANAHADNAYSGRAVWRGREENR,0.456191,0.4661078453063965,14.115321159362793,/jet/home/aqi/results/pdbs/cand_531.pdb
cand_532,MRSASPNNRAEDNFHAALFFWGHHRRP,0.45654446,0.5920490026473999,9.37413501739502,/jet/home/aqi/results/pdbs/cand_532.pdb
cand_533,MRSAGAHSRRNFNGSPFWYNYNAWRWR,0.4559759,0.5257769823074341,11.381373405456543,/jet/home/aqi/results/pdbs/cand_533.pdb
cand_534,MRSASPSATVVFAFNGGASSRWALLVRALQHAYDWY,0.4564266,0.5098638534545898,12.052168846130371,/jet/home/aqi/results/pdbs/cand_534.pdb
cand_535,MRSASANASAGAIAALGRTTSAVIGGGTAYYWYRR,0.46004128,0.49039575457572937,17.94114875793457,/jet/home/aqi/results/pdbs/cand_535.pdb
cand_536,MRSASRCGRDRAHGNTFLNATIVGDREWYY,0.45428744,0.48767223954200745,17.381473541259766,/jet/home/aqi/results/pdbs/cand_536.pdb
cand_537,MRSAAHSSHTPFGDAFRRLRRLGGTSGLEWHDH,0.45687804,0.5063409805297852,13.693183898925781,/jet/home/aqi/results/pdbs/cand_537.pdb
cand_538,MRSAPTPWAKRAHIRLHGFLVAGVTAVGKWRW,0.45778576,0.505964457988739,17.31912612915039,/jet/home/aqi/results/pdbs/cand_538.pdb
cand_539,MRSASTGRRFSGTLIGGWYRHEYDV,0.45659256,0.6009947657585144,7.850926399230957,/jet/home/aqi/results/pdbs/cand_539.pdb
cand_540,MRSAPPSRRNHLDNNDNRYIWVNYLGREAW,0.4558632,0.4712775945663452,14.068390846252441,/jet/home/aqi/results/pdbs/cand_540.pdb
cand_541,MRSAGALTRRFASGTFSRARFE,0.45848936,0.5787484645843506,10.424351692199707,/jet/home/aqi/results/pdbs/cand_541.pdb
cand_542,MRSATSAARYAETHWASTRRIWGNTAGRKRLNW,0.4569664,0.5512398481369019,13.439058303833008,/jet/home/aqi/results/pdbs/cand_542.pdb
cand_543,MRSAASFSSRYESVVLWTITSAELLLKR,0.45712683,0.641516923904419,6.7838969230651855,/jet/home/aqi/results/pdbs/cand_543.pdb
cand_544,MRSALGSSARFIGNGGFRVGIGWGAEYLW,0.4570378,0.5018742680549622,15.651080131530762,/jet/home/aqi/results/pdbs/cand_544.pdb
cand_545,MRSAAAASWFERAYGGAYGSYANVWLGHQLLR,0.45779487,0.5312669277191162,10.279808044433594,/jet/home/aqi/results/pdbs/cand_545.pdb
cand_546,MRSAPRAPRVANVWYRQRYG,0.45844933,0.6371944546699524,9.600227355957031,/jet/home/aqi/results/pdbs/cand_546.pdb
cand_547,MRSAAQRQRRHWENSWWLYEIY,0.45529747,0.5914123058319092,7.233240127563477,/jet/home/aqi/results/pdbs/cand_547.pdb
cand_548,MRSAGRNAREFNANIYLLNFIWY,0.45451844,0.5792602300643921,8.279316902160645,/jet/home/aqi/results/pdbs/cand_548.pdb
cand_549,MRSAHIARAVFLLSAGAWRAGRREY,0.4580835,0.6556829214096069,5.502418518066406,/jet/home/aqi/results/pdbs/cand_549.pdb
cand_550,MRSASLAARGYAAYVILVRSLLIGTSYDYHK,0.45719084,0.6541961431503296,6.774535179138184,/jet/home/aqi/results/pdbs/cand_550.pdb
cand_551,MRSALASSARNRGSGFQKNLVNFVYEHYY,0.45674047,0.5842368602752686,9.911771774291992,/jet/home/aqi/results/pdbs/cand_551.pdb
cand_552,MRSAALAGRIALNLSWVSGLRH,0.45845294,0.5771578550338745,8.55631160736084,/jet/home/aqi/results/pdbs/cand_552.pdb
cand_553,MRSAALRSRKHQSGSGFPFIQVW,0.45823184,0.5456019043922424,12.386377334594727,/jet/home/aqi/results/pdbs/cand_553.pdb
cand_554,MRSAGFLNWHQYFLFGAAILWNYGERR,0.45575893,0.6205860376358032,7.474409103393555,/jet/home/aqi/results/pdbs/cand_554.pdb
cand_555,MRSARTAGRLLLGGFALVLVLF,0.45905006,0.7090393900871277,3.8030364513397217,/jet/home/aqi/results/pdbs/cand_555.pdb
cand_556,MRSAVAANRNNRFLFAYHANYGQELRR,0.45634738,0.5260557532310486,12.266678810119629,/jet/home/aqi/results/pdbs/cand_556.pdb
cand_557,MRSAAPASANVYQSWIGPGLANVVLIGWGGRAGYHYI,0.45868093,0.46846210956573486,19.50967788696289,/jet/home/aqi/results/pdbs/cand_557.pdb
cand_558,MRSARPSVNVRGLNVQYAPAVWFR,0.45724437,0.5701135396957397,11.062957763671875,/jet/home/aqi/results/pdbs/cand_558.pdb
cand_559,MRSAQPSCRHAGWTNFRILIIEYW,0.45603466,0.5527471899986267,14.259955406188965,/jet/home/aqi/results/pdbs/cand_559.pdb
cand_560,MRSALRSSRNNRLASSWVTVVGSS,0.45817587,0.5101332068443298,13.407598495483398,/jet/home/aqi/results/pdbs/cand_560.pdb
cand_561,MRSAAAGTKGHRYDWNHAAYPQVSLGYGGEWK,0.45701188,0.4911641478538513,18.053218841552734,/jet/home/aqi/results/pdbs/cand_561.pdb
cand_562,MRSARHSWLLFWHNVGGNRFILSSRGEGVHH,0.457623,0.4994964897632599,13.025619506835938,/jet/home/aqi/results/pdbs/cand_562.pdb
cand_563,MRSAAARTRVHTLVSNIGYLGLVRYQYWIK,0.45699492,0.47871753573417664,15.778668403625488,/jet/home/aqi/results/pdbs/cand_563.pdb
cand_564,MRSAPNQARRRLGENHALWNVTEGSRERYRY,0.45626396,0.5018631815910339,16.928510665893555,/jet/home/aqi/results/pdbs/cand_564.pdb
cand_565,MRSASIPARVKLEGWGGVNALFIGWLN,0.45868316,0.5167754292488098,15.874467849731445,/jet/home/aqi/results/pdbs/cand_565.pdb
cand_566,MRSAPSLARFFAGHNNKLLRNPLRAVVAYEWY,0.45717433,0.49314820766448975,12.824414253234863,/jet/home/aqi/results/pdbs/cand_566.pdb
cand_567,MRSAQIVRNAAQFALVQANHRLGSRGQEHHK,0.4571073,0.669559121131897,6.44401216506958,/jet/home/aqi/results/pdbs/cand_567.pdb
cand_568,MRSASAARALVWHVTLQGVAVAARYYGYEYWV,0.4555772,0.6475432515144348,7.533417701721191,/jet/home/aqi/results/pdbs/cand_568.pdb
cand_569,MRSALASNWTLNSAPYYSRIARWY,0.45672274,0.5399616360664368,13.094451904296875,/jet/home/aqi/results/pdbs/cand_569.pdb
cand_570,MRSAPRQGNLRYSSYLSWSRLSTTSSGYWERLSR,0.45849752,0.47754672169685364,16.361753463745117,/jet/home/aqi/results/pdbs/cand_570.pdb
cand_571,MRSASRIAHGHINNAPQAGHRNVSQEWYW,0.45550013,0.5236098766326904,16.528526306152344,/jet/home/aqi/results/pdbs/cand_571.pdb
cand_572,MRSAVPSHANRFASSGLANPGVWLNAFKWWR,0.4577294,0.5105336904525757,13.307428359985352,/jet/home/aqi/results/pdbs/cand_572.pdb
cand_573,MRSAPRSNWNLLDDVLGWDFSGLRRARWI,0.45735425,0.5336459875106812,10.574150085449219,/jet/home/aqi/results/pdbs/cand_573.pdb
cand_574,MRSAGASAAARLGEGGRAAGAVS,0.45817587,0.5361875891685486,12.562801361083984,/jet/home/aqi/results/pdbs/cand_574.pdb
cand_575,MRSASRAAGISNNTISIIIYRYYIT,0.45618144,0.5667515993118286,10.430412292480469,/jet/home/aqi/results/pdbs/cand_575.pdb
cand_576,MRSASSNAARVFANFLQQARIIWNFWYDGRK,0.4568704,0.6935633420944214,5.278800964355469,/jet/home/aqi/results/pdbs/cand_576.pdb
cand_577,MRSARRSRHHVIHYHGGGHANVYGGWEH,0.4574324,0.5466783046722412,15.064159393310547,/jet/home/aqi/results/pdbs/cand_577.pdb
cand_578,MRSARSEARLWFTEAWARWYSALLHQNYGHRLGR,0.45575953,0.6304785013198853,8.42008113861084,/jet/home/aqi/results/pdbs/cand_578.pdb
cand_579,MRSARSALQFHYAFAAARGQ,0.45746952,0.6413801908493042,5.63905143737793,/jet/home/aqi/results/pdbs/cand_579.pdb
cand_580,MRSAPRALRHLRQFYNAPRGHILLWRE,0.45762658,0.5653154253959656,9.01264476776123,/jet/home/aqi/results/pdbs/cand_580.pdb
cand_581,MRSASSTSSNAIHFGYDIGRAVRTLPL,0.45837978,0.5252623558044434,15.513283729553223,/jet/home/aqi/results/pdbs/cand_581.pdb
cand_582,MRSALAPSFAAESANALRALRRIDLISGQEWR,0.455895,0.5855791568756104,10.957746505737305,/jet/home/aqi/results/pdbs/cand_582.pdb
cand_583,MRSAPRSNHWQYDPPNLQRWNFFREYY,0.45522898,0.5322624444961548,13.4271821975708,/jet/home/aqi/results/pdbs/cand_583.pdb
cand_584,MRSAHILRNHAAYGWSLAFW,0.45688573,0.5048069953918457,10.456708908081055,/jet/home/aqi/results/pdbs/cand_584.pdb
cand_585,MRSAAVSNNRHAAEVAVAWYAYLNERGRYEVR,0.45603314,0.5728359818458557,10.582609176635742,/jet/home/aqi/results/pdbs/cand_585.pdb
cand_586,MRSASAAARNFREANNGGGEFRVPVGNYFW,0.45666277,0.5714508295059204,13.422624588012695,/jet/home/aqi/results/pdbs/cand_586.pdb
cand_587,MRSASGSLHRARGNALQFAFEW,0.45717436,0.5221982598304749,13.7144193649292,/jet/home/aqi/results/pdbs/cand_587.pdb
cand_588,MRSAPNTSARAWYNVGRVAFLIDFGNRKLYLRE,0.45770273,0.618697464466095,8.12293529510498,/jet/home/aqi/results/pdbs/cand_588.pdb
cand_589,MRSASFGSNFPHINPTFNASIWGYTFRGHYL,0.45735484,0.49279242753982544,16.55843734741211,/jet/home/aqi/results/pdbs/cand_589.pdb
cand_590,MRSAAASLHNARAANWRLPCAFSWNYGRELNQ,0.4554871,0.5154017210006714,15.527443885803223,/jet/home/aqi/results/pdbs/cand_590.pdb
cand_591,MRSAPLASDRVRALEWVWNASIVGSSYRYR,0.45736957,0.46513816714286804,17.2843017578125,/jet/home/aqi/results/pdbs/cand_591.pdb
cand_592,MRSAGFFHRHFNGWLWAYWWLGQL,0.45667776,0.5463656187057495,9.385929107666016,/jet/home/aqi/results/pdbs/cand_592.pdb
cand_593,MRSASAASRLRADNNVELWDLVVAALRRDR,0.45666894,0.5562110543251038,10.778118133544922,/jet/home/aqi/results/pdbs/cand_593.pdb
cand_594,MRSASRVPRRWHSPAFANQILVIELNAYQLLYL,0.45513478,0.6058437824249268,8.419127464294434,/jet/home/aqi/results/pdbs/cand_594.pdb
cand_595,MRSALERRRFAGGHLGYALYEG,0.45808944,0.4964551031589508,11.677688598632812,/jet/home/aqi/results/pdbs/cand_595.pdb
cand_596,MRSAGPANRRANFPYWYVGHSGDQYIYY,0.4540074,0.4809919595718384,15.461495399475098,/jet/home/aqi/results/pdbs/cand_596.pdb
cand_597,MRSAALWNASHINNGLRALENYYHYR,0.45564386,0.721733570098877,3.5091936588287354,/jet/home/aqi/results/pdbs/cand_597.pdb
cand_598,MRSALRSVRAFAFDIGFTLYLFVLGKWRR,0.4583126,0.6266478896141052,6.044775009155273,/jet/home/aqi/results/pdbs/cand_598.pdb
cand_599,MRSAALNHRNEHLYSYFNTRLITFVVYYWQSY,0.45436457,0.6951636672019958,4.0383381843566895,/jet/home/aqi/results/pdbs/cand_599.pdb
cand_600,MRSASIVGHLFIHTVAGRLLLSYALLAGEYRY,0.45634255,0.6967529654502869,5.217258453369141,/jet/home/aqi/results/pdbs/cand_600.pdb
cand_601,MRSARAPGSGKFGGSDYHFLAGGYGELK,0.4588613,0.5107929706573486,16.095115661621094,/jet/home/aqi/results/pdbs/cand_601.pdb
cand_602,MRSASRSLHSFFQFYSIGVIYARQER,0.45728892,0.7206600904464722,3.2426605224609375,/jet/home/aqi/results/pdbs/cand_602.pdb
cand_603,MRSASVRWARFLGASLFWTWLANRDL,0.45670953,0.6726504564285278,4.611886978149414,/jet/home/aqi/results/pdbs/cand_603.pdb
cand_604,MRSAAANCNEDANALFKLSLWITGWLKGHK,0.45909727,0.6962248682975769,4.79840612411499,/jet/home/aqi/results/pdbs/cand_604.pdb
cand_605,MRSARQAAARASLGGAWVAIGTGGEA,0.459205,0.52800053358078,13.345165252685547,/jet/home/aqi/results/pdbs/cand_605.pdb
cand_606,MRSAPRGGNRVFVFKARVGPLLNAEWF,0.45668623,0.5862911939620972,14.47349739074707,/jet/home/aqi/results/pdbs/cand_606.pdb
cand_607,MRSATSSSASRQLSQYTFNWIYLLIRYLGQLN,0.45582893,0.668811559677124,6.2299885749816895,/jet/home/aqi/results/pdbs/cand_607.pdb
cand_608,MRSAAAAAANNHFGFAKFLGVIGRYRW,0.45975077,0.519230842590332,13.224981307983398,/jet/home/aqi/results/pdbs/cand_608.pdb
cand_609,MRSAALHSSRFITANGAFLSPAVTVVSEARQKW,0.45803884,0.5604007244110107,11.881977081298828,/jet/home/aqi/results/pdbs/cand_609.pdb
cand_610,MRSASSGWGHLGLFVLYNVNGYRGYYEWANR,0.45642245,0.44684311747550964,15.15162467956543,/jet/home/aqi/results/pdbs/cand_610.pdb
cand_611,MRSASANRRAPWFIANLLYFLYYL,0.45535222,0.6071827411651611,8.523902893066406,/jet/home/aqi/results/pdbs/cand_611.pdb
cand_612,MRSAAHSPRRFKESSNNHFRAYWKEYFD,0.45651314,0.5364232659339905,13.027104377746582,/jet/home/aqi/results/pdbs/cand_612.pdb
cand_613,MRSAASACWHEHAGNRIGGGRPVGLVASSGAGRQEWVKR,0.45905936,0.455159068107605,20.007658004760742,/jet/home/aqi/results/pdbs/cand_613.pdb
cand_614,MRSAVSSNNRHWAVGVGTEYINYYENRAHQRGRR,0.4577501,0.4731338620185852,14.223426818847656,/jet/home/aqi/results/pdbs/cand_614.pdb
cand_615,MRSASAQRVNLFGLAAAVRRRRALFNRIVYYEEK,0.45766228,0.6951590180397034,5.904866695404053,/jet/home/aqi/results/pdbs/cand_615.pdb
cand_616,MRSAANRTRAIAVNAWGLWRSGIAFNGGEYRQ,0.45595935,0.48617956042289734,13.307282447814941,/jet/home/aqi/results/pdbs/cand_616.pdb
cand_617,MRSAAPSSHKRWYAATQHVWVSREIWW,0.45516232,0.527923047542572,15.265693664550781,/jet/home/aqi/results/pdbs/cand_617.pdb
cand_618,MRSAGPSSRNAFEGNNVNFGVLQIFIVVRQWWGQ,0.45695615,0.495222806930542,17.8914794921875,/jet/home/aqi/results/pdbs/cand_618.pdb
cand_619,MRSAPRVAAAYFILLGAYRSRWTANGEELY,0.4556575,0.6063452363014221,8.830723762512207,/jet/home/aqi/results/pdbs/cand_619.pdb
cand_620,MRSAQNSCRLHNWNENFGIVGFKHWA,0.45755517,0.46723616123199463,13.987372398376465,/jet/home/aqi/results/pdbs/cand_620.pdb
cand_621,MRSAALAHRRALFDRRLIWGYEWE,0.45515683,0.5632423162460327,10.832605361938477,/jet/home/aqi/results/pdbs/cand_621.pdb
cand_622,MRSASTSRQWNSGTVWHANYVPIEIYAGKRYW,0.45534104,0.5080564618110657,17.11723518371582,/jet/home/aqi/results/pdbs/cand_622.pdb
cand_623,MRSAHAASNHFDYEGRRISWTNAGYAKHRQ,0.45680112,0.5174292325973511,12.32455062866211,/jet/home/aqi/results/pdbs/cand_623.pdb
cand_624,MRSAGAASRRKRATSAGHGRVALNQYW,0.45703247,0.5013694763183594,15.757116317749023,/jet/home/aqi/results/pdbs/cand_624.pdb
cand_625,MRSARPASSHRRATNHTAPGQQW,0.45603135,0.590688169002533,13.400984764099121,/jet/home/aqi/results/pdbs/cand_625.pdb
cand_626,MRSAAESSRLHFTAYLTVFWGKER,0.45594278,0.6649153828620911,5.406492710113525,/jet/home/aqi/results/pdbs/cand_626.pdb
cand_627,MRSASSASNATGQILTLNVRRFNYGELH,0.45649984,0.51850426197052,16.01252555847168,/jet/home/aqi/results/pdbs/cand_627.pdb
cand_628,MRSAPGANRRFAILTLRRPNWLGIWYVEWYSRI,0.45603374,0.49798744916915894,15.886345863342285,/jet/home/aqi/results/pdbs/cand_628.pdb
cand_629,MRSASSASAQVHGEHFFLWSRVRHTSARADYQQYY,0.4559264,0.4823504090309143,17.430038452148438,/jet/home/aqi/results/pdbs/cand_629.pdb
cand_630,MRSAGPSANNRAFTDVAGRWRLYVLFV,0.45678172,0.5132243037223816,16.150760650634766,/jet/home/aqi/results/pdbs/cand_630.pdb
cand_631,MRSAHRARNLNNAVYHIGSSNGFEAAYH,0.4565797,0.4805212616920471,13.74591064453125,/jet/home/aqi/results/pdbs/cand_631.pdb
cand_632,MRSAPPSANRARLDHHLFWLGVNYWQ,0.45618033,0.5940724611282349,8.779047012329102,/jet/home/aqi/results/pdbs/cand_632.pdb
cand_633,MRSASRNANVLLIAASFGGWALGNRGLEHRRGW,0.45806748,0.5413438677787781,11.979460716247559,/jet/home/aqi/results/pdbs/cand_633.pdb
cand_634,MRSAQPRSHARFNNLSTLLGS,0.4580996,0.5743897557258606,11.797515869140625,/jet/home/aqi/results/pdbs/cand_634.pdb
cand_635,MRSASATAANNRGQALAIYAWEIWNYYR,0.45585153,0.7138692736625671,4.169872283935547,/jet/home/aqi/results/pdbs/cand_635.pdb
cand_636,MRSAVASRQHLAEVGYLLRQVTWIVYDQYWR,0.45436096,0.7141866683959961,3.7777791023254395,/jet/home/aqi/results/pdbs/cand_636.pdb
cand_637,MRSAAPPRSHHINHDHYSGIPAVVAQHR,0.45747325,0.5915557742118835,14.736767768859863,/jet/home/aqi/results/pdbs/cand_637.pdb
cand_638,MRSAVIAWSNPFWFHPPVINRFFANETSAFYQHRY,0.45539847,0.47695645689964294,17.641773223876953,/jet/home/aqi/results/pdbs/cand_638.pdb
cand_639,MRSAPTASNNYRLHAGKFWLVLVYSRIRAWWW,0.45622835,0.585276186466217,11.471665382385254,/jet/home/aqi/results/pdbs/cand_639.pdb
cand_640,MRSAARAAARTRRFNGWYNGEYGEEG,0.45737413,0.522323489189148,11.517067909240723,/jet/home/aqi/results/pdbs/cand_640.pdb
cand_641,MRSARITSTKFRVENALIANYAIWAQRWLE,0.45612982,0.7359114289283752,3.294051170349121,/jet/home/aqi/results/pdbs/cand_641.pdb
cand_642,MRSASPNANGLGFGVSRLVA,0.4585211,0.5567834973335266,12.270844459533691,/jet/home/aqi/results/pdbs/cand_642.pdb
cand_643,MRSAALSSSFTRVADNYYLVAIAKGEYLR,0.4577294,0.48821958899497986,14.035446166992188,/jet/home/aqi/results/pdbs/cand_643.pdb
cand_644,MRSAAASSNNVHHHAYLVSGRLIGGSSGAGAAYQVYR,0.458188,0.4433108866214752,17.353364944458008,/jet/home/aqi/results/pdbs/cand_644.pdb
cand_645,MRSAASSNRHFLLAGWGGAWALNFIWYWYQVLQYYW,0.45309263,0.668075680732727,6.7522430419921875,/jet/home/aqi/results/pdbs/cand_645.pdb
cand_646,MRSAPPGGHRYILSAILLRVNNARYYLYYYGYT,0.4556285,0.4723980128765106,16.367841720581055,/jet/home/aqi/results/pdbs/cand_646.pdb
cand_647,MRSASRRAALAYELLFGTYYEYYR,0.45702535,0.614893913269043,7.830776691436768,/jet/home/aqi/results/pdbs/cand_647.pdb
cand_648,MRSAEQRAWFVPAAGRYTSAISGIAELYKK,0.45939752,0.557211697101593,14.10404109954834,/jet/home/aqi/results/pdbs/cand_648.pdb
cand_649,MRSASLSNGRRNAPLRLNDTYQYRL,0.45604676,0.5634040832519531,13.92082691192627,/jet/home/aqi/results/pdbs/cand_649.pdb
cand_650,MRSASSSRQAALQWGRVGWFGAWKHKRA,0.45811114,0.5404793620109558,11.725499153137207,/jet/home/aqi/results/pdbs/cand_650.pdb
cand_651,MRSASRANTNHITAGHWFPAVWRQGV,0.45762467,0.5215889811515808,14.76533031463623,/jet/home/aqi/results/pdbs/cand_651.pdb
cand_652,MRSAARSARFKHNPWLVAWA,0.45851305,0.5444991588592529,9.258687973022461,/jet/home/aqi/results/pdbs/cand_652.pdb
cand_653,MRSARGLHNNIRLDVALAATLSFLSRGEYRH,0.45690084,0.7265931963920593,4.52103328704834,/jet/home/aqi/results/pdbs/cand_653.pdb
cand_654,MRSAAVHAWYTFYYIQWHHALGGRGLYYWL,0.45564437,0.5588511824607849,8.839664459228516,/jet/home/aqi/results/pdbs/cand_654.pdb
cand_655,MRSARVSTNKVRREGVAWGVRFILEFIGGQYY,0.45693547,0.5455845594406128,13.282842636108398,/jet/home/aqi/results/pdbs/cand_655.pdb
cand_656,MRSASRQNWLREIHNYLKLSGAIARAAYRYEELYW,0.45678952,0.6755987405776978,6.314053058624268,/jet/home/aqi/results/pdbs/cand_656.pdb
cand_657,MRSAASLSSKAPVSVWVPASRYWMTTRRYLHGYHQ,0.45790014,0.4714934229850769,18.856019973754883,/jet/home/aqi/results/pdbs/cand_657.pdb
cand_658,MRSAAEAAAKHALAATAGIRYIIIGGS,0.4581887,0.5834448337554932,11.97219181060791,/jet/home/aqi/results/pdbs/cand_658.pdb
cand_659,MRSAEALLNAPNAGWAPVPALHARLIRWAAGQEARYRW,0.4571038,0.5643011927604675,10.399742126464844,/jet/home/aqi/results/pdbs/cand_659.pdb
cand_660,MRSASPTATRRSYDGKLGWGIANWLGEAKQYYRE,0.45721382,0.4465606212615967,16.24732780456543,/jet/home/aqi/results/pdbs/cand_660.pdb
cand_661,MRSAAPWIQRWYWALGKGRRRRLLQGTSSNA,0.45910546,0.4996582269668579,15.061995506286621,/jet/home/aqi/results/pdbs/cand_661.pdb
cand_662,MRSARIANAHFQEFYYLPLIGRAEARWYLW,0.454768,0.46506237983703613,14.032867431640625,/jet/home/aqi/results/pdbs/cand_662.pdb
cand_663,MRSASNRNNEVYESAWVVTWLRAGLWNGKVHRYW,0.45867988,0.47440409660339355,13.613901138305664,/jet/home/aqi/results/pdbs/cand_663.pdb
cand_664,MRSALRSRRFHFDHIGLYAVFSEW,0.457651,0.5162990689277649,12.171517372131348,/jet/home/aqi/results/pdbs/cand_664.pdb
cand_665,MRSARVPHHNHFYQESAQWHRRVVTLSVTYYWKYYGY,0.45622122,0.48425430059432983,17.95616340637207,/jet/home/aqi/results/pdbs/cand_665.pdb
cand_666,MRSAPTRLANHYLNFVGRERRNRYYKLYL,0.45717588,0.6114778518676758,9.111530303955078,/jet/home/aqi/results/pdbs/cand_666.pdb
cand_667,MRSAPPSSRYLQNAFGSYAILFVERLEGYR,0.45669758,0.5118364095687866,14.773200988769531,/jet/home/aqi/results/pdbs/cand_667.pdb
cand_668,MRSASVSNSARLFFHGGWVYALGDRRELGR,0.45721188,0.5669448375701904,10.627751350402832,/jet/home/aqi/results/pdbs/cand_668.pdb
cand_669,MRSATPHQARWLWHAYYTNAVLTGWLQ,0.4565128,0.6805102229118347,4.5110883712768555,/jet/home/aqi/results/pdbs/cand_669.pdb
cand_670,MRSAAAQGRRRAAGNVIWS,0.4568135,0.5761479735374451,9.820478439331055,/jet/home/aqi/results/pdbs/cand_670.pdb
cand_671,MRSASRSQGRALEEAPIRAPAFLNFL,0.45845726,0.6036638617515564,10.66002368927002,/jet/home/aqi/results/pdbs/cand_671.pdb
cand_672,MRSAQPPRWNHGLAGGRAHGAWNREREW,0.4567033,0.5190168023109436,16.708707809448242,/jet/home/aqi/results/pdbs/cand_672.pdb
cand_673,MRSATPRRHNRYEGGALHFRVVVNARGQYDWY,0.45474395,0.5450980067253113,15.841021537780762,/jet/home/aqi/results/pdbs/cand_673.pdb
cand_674,MRSAANSCAFTFFFLGNTWGTVGWTGYERWDRR,0.4577607,0.42164304852485657,17.179141998291016,/jet/home/aqi/results/pdbs/cand_674.pdb
cand_675,MRSATVLGRGFHVYYGTNQYVPPAVVNYYRGSLNWY,0.4569038,0.4742654860019684,13.528531074523926,/jet/home/aqi/results/pdbs/cand_675.pdb
cand_676,MRSASPSLKNWANHAFRYAAYYKEYY,0.45737812,0.5943674445152283,9.31208610534668,/jet/home/aqi/results/pdbs/cand_676.pdb
cand_677,MRSAPAAVRTPRRAEYLYIYIIIFAEASRARYK,0.45680702,0.6324219107627869,10.702880859375,/jet/home/aqi/results/pdbs/cand_677.pdb
cand_678,MRSASSARNRGRAGASANLVFAGITVYQI,0.45648006,0.5165810585021973,15.462288856506348,/jet/home/aqi/results/pdbs/cand_678.pdb
cand_679,MRSASSSNVKVVNFRAAYIFYQYW,0.45571896,0.5746873617172241,11.967174530029297,/jet/home/aqi/results/pdbs/cand_679.pdb
cand_680,MRSASERRRRRFNAGIRRASSNYAYQGI,0.4573499,0.66419517993927,6.898312091827393,/jet/home/aqi/results/pdbs/cand_680.pdb
cand_681,MRSATAIRRLKAGTAGVFVLVNKKKW,0.45904046,0.5519159436225891,15.371463775634766,/jet/home/aqi/results/pdbs/cand_681.pdb
cand_682,MRSASGSARRRYELFGALLAALRNEEVALGW,0.45750248,0.6411827206611633,7.4590253829956055,/jet/home/aqi/results/pdbs/cand_682.pdb
cand_683,MRSATASNNTHLAALHLRTTGLLHLFSSGGREYRE,0.4554645,0.580163300037384,11.216947555541992,/jet/home/aqi/results/pdbs/cand_683.pdb
cand_684,MRSASASAQNELYEFTIKASRRYRALVYWEYLR,0.45617124,0.7100268006324768,4.967432498931885,/jet/home/aqi/results/pdbs/cand_684.pdb
cand_685,MRSAAAANWWFAWLTVRAVWLGRYL,0.458186,0.6854692697525024,4.2371649742126465,/jet/home/aqi/results/pdbs/cand_685.pdb
cand_686,MRSAASARRRVLVAANWIYATTIGEWWD,0.45597813,0.6272302269935608,7.199644565582275,/jet/home/aqi/results/pdbs/cand_686.pdb
cand_687,MRSARLSSNSLFFFFSGLLGKRRW,0.45895597,0.6154047846794128,8.537248611450195,/jet/home/aqi/results/pdbs/cand_687.pdb
cand_688,MRSALRPQQHIAYAYGLRYGWAWIYHYQLWGY,0.4553829,0.5846177339553833,6.782302379608154,/jet/home/aqi/results/pdbs/cand_688.pdb
cand_689,MRSASAARRHHRDHLLVAYHTIVPGINNELRR,0.45851585,0.579865574836731,10.799494743347168,/jet/home/aqi/results/pdbs/cand_689.pdb
cand_690,MRSAARSGRANAITWIRHAWLWGEVNYEEWTRK,0.4574376,0.4596800208091736,14.945939064025879,/jet/home/aqi/results/pdbs/cand_690.pdb
cand_691,MRSAPSTAHRGWHNSPSLNLAFGER,0.45697123,0.5676947236061096,14.035956382751465,/jet/home/aqi/results/pdbs/cand_691.pdb
cand_692,MRSASRRHNNPLEAFYRYWIITSWEA,0.45596132,0.5683143138885498,9.561776161193848,/jet/home/aqi/results/pdbs/cand_692.pdb
cand_693,MRSAEPSATRHANEAPMYLRRRVAFFTASIQYRHYWVG,0.45598674,0.5109326839447021,16.652881622314453,/jet/home/aqi/results/pdbs/cand_693.pdb
cand_694,MRSATAASRKAAESAFAIFAGVGVWVLEK,0.45876303,0.7136252522468567,4.914464473724365,/jet/home/aqi/results/pdbs/cand_694.pdb
cand_695,MRSASGRSARGLHAVLTVAGLYRWY,0.45765835,0.6017941832542419,8.31584644317627,/jet/home/aqi/results/pdbs/cand_695.pdb
cand_696,MRSAPHSTWHFHSSTSNRIHFAVTRAYYERLW,0.45565787,0.5574254393577576,9.993034362792969,/jet/home/aqi/results/pdbs/cand_696.pdb
cand_697,MRSAVHTARHAAGALWAAFSA,0.4587592,0.7285372614860535,2.6986982822418213,/jet/home/aqi/results/pdbs/cand_697.pdb
cand_698,MRSAASAWNRFTEEAWYWKWAWAWWSGGGRRARL,0.4591823,0.6017475724220276,7.9755539894104,/jet/home/aqi/results/pdbs/cand_698.pdb
cand_699,MRSAAINHNRRWLAEGLQQYTLEYKL,0.4560989,0.6422620415687561,6.6203484535217285,/jet/home/aqi/results/pdbs/cand_699.pdb
cand_700,MRSAPVPNHRRLLEAGAGWAWWLSAEHYLLR,0.45667008,0.5253841280937195,10.283193588256836,/jet/home/aqi/results/pdbs/cand_700.pdb
cand_701,MRSAAALCSWIFGGLFTPLAGTSLGQHNGR,0.45781204,0.4807504117488861,14.416211128234863,/jet/home/aqi/results/pdbs/cand_701.pdb
cand_702,MRSAQPVRNNRAVYNPFGYRVYGVQEIYKYG,0.45590055,0.6268728971481323,8.747053146362305,/jet/home/aqi/results/pdbs/cand_702.pdb
cand_703,MRSAPSSVNNNRFTGAYNYARYAEEWNRSGYKYYVN,0.45567188,0.45977357029914856,14.289843559265137,/jet/home/aqi/results/pdbs/cand_703.pdb
cand_704,MRSAAPSHNYFTGTGAWNVLWWKGHYQ,0.45607108,0.4901053309440613,13.506772994995117,/jet/home/aqi/results/pdbs/cand_704.pdb
cand_705,MRSAAEATWAHVLDWHAGHVWNASLALWHRVWKRYW,0.4597607,0.6915792226791382,4.696253776550293,/jet/home/aqi/results/pdbs/cand_705.pdb
cand_706,MRSASPASSSYVHASIFLWLYAAIQTGANGKEVHR,0.45674378,0.5514258146286011,12.892755508422852,/jet/home/aqi/results/pdbs/cand_706.pdb
cand_707,MRSASTGSSNFWLFFNWVYANGARGL,0.4564718,0.524712085723877,10.926607131958008,/jet/home/aqi/results/pdbs/cand_707.pdb
cand_708,MRSAAAAAQLIATAWGRRSSSAANWVAYEREYLYW,0.4559115,0.5188314318656921,13.813523292541504,/jet/home/aqi/results/pdbs/cand_708.pdb
cand_709,MRSAAESSHRLRLVHPVWRLASRYKYERGRY,0.45704773,0.5251551866531372,14.508928298950195,/jet/home/aqi/results/pdbs/cand_709.pdb
cand_710,MRSAAGANRAIARQAGHRLSAVAGEYYY,0.4563314,0.6445156335830688,7.658559322357178,/jet/home/aqi/results/pdbs/cand_710.pdb
cand_711,MRSASFAQRRGTTGILGGLGVLNDYALYGQV,0.45840448,0.4333750605583191,16.241863250732422,/jet/home/aqi/results/pdbs/cand_711.pdb
cand_712,MRSAGQRARNRAYEGISWAIWTAWEGY,0.45630547,0.6396687030792236,6.291949272155762,/jet/home/aqi/results/pdbs/cand_712.pdb
cand_713,MRSARNSSTSTWFSTTVFYQWWYRY,0.45558223,0.5453786253929138,14.46064567565918,/jet/home/aqi/results/pdbs/cand_713.pdb
cand_714,MRSALRAGRAAGADAAFPFWGAKSRL,0.45954266,0.5167555212974548,13.328116416931152,/jet/home/aqi/results/pdbs/cand_714.pdb
cand_715,MRSALESGRAHFGLVNGLRIAWFIVR,0.45826188,0.7043919563293457,3.6737873554229736,/jet/home/aqi/results/pdbs/cand_715.pdb
cand_716,MRSAPRRHNWFYSILRLYGLRWRY,0.45887697,0.5683876872062683,8.599340438842773,/jet/home/aqi/results/pdbs/cand_716.pdb
cand_717,MRSAPEAANNLDASNAWWLGLLELWNGWFKLRRRWW,0.45912766,0.5957972407341003,10.181879997253418,/jet/home/aqi/results/pdbs/cand_717.pdb
cand_718,MRSASSSSSSIKLHYFAQIAQVRWIWDIYGYQALW,0.45382285,0.4926428198814392,15.66981315612793,/jet/home/aqi/results/pdbs/cand_718.pdb
cand_719,MRSASAGRRSEEGATAGWRWAAVSSSNGAYYGEYYGKK,0.45927006,0.4880227744579315,12.474406242370605,/jet/home/aqi/results/pdbs/cand_719.pdb
cand_720,MRSAPPRAAWWWWASSGLWNVNYAWAGI,0.45638445,0.49657270312309265,11.115540504455566,/jet/home/aqi/results/pdbs/cand_720.pdb
cand_721,MRSAATSRLGWREAGARIYWYGEEYGRV,0.45563617,0.506276547908783,16.929420471191406,/jet/home/aqi/results/pdbs/cand_721.pdb
cand_722,MRSAAALSSAWALAAYWRVGYAVNGKW,0.45859727,0.5555953979492188,10.605114936828613,/jet/home/aqi/results/pdbs/cand_722.pdb
cand_723,MRSAPRSHHHFLINIWRVFFYESEYYGR,0.45544675,0.5464910864830017,11.228974342346191,/jet/home/aqi/results/pdbs/cand_723.pdb
cand_724,MRSAAASSRQRRRDNEFWVRIFTFYYQRHWW,0.454803,0.6613779664039612,5.7612738609313965,/jet/home/aqi/results/pdbs/cand_724.pdb
cand_725,MRSAPLSANLIFTWNFLKWYILARRAQAYWQ,0.45679063,0.6846386194229126,6.264493942260742,/jet/home/aqi/results/pdbs/cand_725.pdb
cand_726,MRSAALTSRAYFIAYLHPGLSRWLLYWQE,0.45675206,0.5440855622291565,8.495537757873535,/jet/home/aqi/results/pdbs/cand_726.pdb
cand_727,MRSASISTNNAAIYSHYIRAAVILLVNDKQRL,0.4568308,0.6736382246017456,6.115151405334473,/jet/home/aqi/results/pdbs/cand_727.pdb
cand_728,MRSAAAPAWRRSVNLWRGVGIETNRYYWLQ,0.4559256,0.5120342373847961,16.144573211669922,/jet/home/aqi/results/pdbs/cand_728.pdb
cand_729,MRSAAASQKGRRTLAFHRRRVATIWALHGERL,0.4572293,0.6743789911270142,6.099854946136475,/jet/home/aqi/results/pdbs/cand_729.pdb
cand_730,MRSAALCCNLRNFTGLRFGSWGTAGYEVN,0.45674357,0.5058203935623169,16.648563385009766,/jet/home/aqi/results/pdbs/cand_730.pdb
cand_731,MRSAVPRLTATIENLIHAVSSVWSRVGRYA,0.46050534,0.7171005010604858,4.949294567108154,/jet/home/aqi/results/pdbs/cand_731.pdb
cand_732,MRSAPLSGHNRWIVLGLLAKWLIFDYNAWYGEVYNGRY,0.4553858,0.614807665348053,9.700438499450684,/jet/home/aqi/results/pdbs/cand_732.pdb
cand_733,MRSAAASLNHLLGAGRLHLWIG,0.45829344,0.6181572079658508,5.692720413208008,/jet/home/aqi/results/pdbs/cand_733.pdb
cand_734,MRSAASLRNHHASFFQRAYFAYGIASYFAYW,0.45717734,0.7205217480659485,4.122529983520508,/jet/home/aqi/results/pdbs/cand_734.pdb
cand_735,MRSAPPSSNRQRWDTFSHVILVL,0.45706597,0.5730946660041809,12.917474746704102,/jet/home/aqi/results/pdbs/cand_735.pdb
cand_736,MRSAAARVAWTAEILHYALSARRYAW,0.45701876,0.727647066116333,4.045327663421631,/jet/home/aqi/results/pdbs/cand_736.pdb
cand_737,MRSARRHRQPHNTALERVSLVSSYEE,0.45603314,0.6091693639755249,13.357609748840332,/jet/home/aqi/results/pdbs/cand_737.pdb
cand_738,MRSAALASQHTAGGYAGTNRFLAFYAHLW,0.45743352,0.4833936095237732,12.883611679077148,/jet/home/aqi/results/pdbs/cand_738.pdb
cand_739,MRSAGTPDRQWSLFSGRIVWWYYGH,0.45634416,0.6037743091583252,7.818845272064209,/jet/home/aqi/results/pdbs/cand_739.pdb
cand_740,MRSAQRTCRVTSNNIVLLRERYYQ,0.4572443,0.6673513054847717,7.085028648376465,/jet/home/aqi/results/pdbs/cand_740.pdb
cand_741,MRSAVPGCRIYVAASLILAGRSWGSLE,0.45837325,0.5736458897590637,10.49234390258789,/jet/home/aqi/results/pdbs/cand_741.pdb
cand_742,MRSASGSSAGFGYFGTGAIYGKYS,0.45931348,0.4930996596813202,15.997636795043945,/jet/home/aqi/results/pdbs/cand_742.pdb
cand_743,MRSARAARNHPFDVGWRLRLVWAGRADHRR,0.45734295,0.479755699634552,15.772486686706543,/jet/home/aqi/results/pdbs/cand_743.pdb
cand_744,MRSASSRSNRFHTNVASSRRGIVSGRGEQRE,0.45604035,0.5188996195793152,17.529924392700195,/jet/home/aqi/results/pdbs/cand_744.pdb
cand_745,MRSARVASTANDWNGWAGASIVYWKYQYY,0.4552843,0.5073938965797424,15.580280303955078,/jet/home/aqi/results/pdbs/cand_745.pdb
cand_746,MRSAPLHARNLIFYGDVLYRVLSYDGR,0.45545503,0.4962935447692871,13.689697265625,/jet/home/aqi/results/pdbs/cand_746.pdb
cand_747,MRSATPQHRRVYEASAVFVNGYALYYQYKY,0.4553189,0.47859904170036316,16.15471076965332,/jet/home/aqi/results/pdbs/cand_747.pdb
cand_748,MRSAPASATFNGEYGVIGRAVLGTAARGREWWLGQ,0.45809877,0.4682760238647461,17.612722396850586,/jet/home/aqi/results/pdbs/cand_748.pdb
cand_749,MRSASPHHSRRENFAYLATRYVIRFNNYVHWYQ,0.4551226,0.5365796685218811,14.005663871765137,/jet/home/aqi/results/pdbs/cand_749.pdb
cand_750,MRSALSRAANARRSAYIHRAAIIIGFNRYQY,0.45737496,0.668901801109314,6.012796878814697,/jet/home/aqi/results/pdbs/cand_750.pdb
cand_751,MRSAPRAVHNRIQESGWAAIGTWVNGGREHHYHY,0.4571066,0.6047806143760681,7.302802085876465,/jet/home/aqi/results/pdbs/cand_751.pdb
cand_752,MRSAPVTQNREIVAGRIHWLFNRNEAYYH,0.45539126,0.5003059506416321,16.34270477294922,/jet/home/aqi/results/pdbs/cand_752.pdb
cand_753,MRSASRVDARRLQYWIWVLFVW,0.4554562,0.6329832673072815,5.774919509887695,/jet/home/aqi/results/pdbs/cand_753.pdb
cand_754,MRSASPVNVARAWLVTTGLLHIAVFVRYEVYLWW,0.4534677,0.6835179924964905,6.4945831298828125,/jet/home/aqi/results/pdbs/cand_754.pdb
cand_755,MRSAVLGAANFWHQYNYGYVFVRYYARHALLYY,0.4554399,0.4306762218475342,14.30817985534668,/jet/home/aqi/results/pdbs/cand_755.pdb
cand_756,MRSAERTCASHRLYEAQARGILNYYEWNKK,0.4567484,0.7213240265846252,3.8290929794311523,/jet/home/aqi/results/pdbs/cand_756.pdb
cand_757,MRSASTIASANRVALAYLRSAVVAAVEKYI,0.45838687,0.7825114727020264,3.080127477645874,/jet/home/aqi/results/pdbs/cand_757.pdb
cand_758,MRSATASSNAKRGFHARERHAVGGWDWAAGREAYRWGRL,0.4589697,0.4459731876850128,16.502212524414062,/jet/home/aqi/results/pdbs/cand_758.pdb
cand_759,MRSAPDALRAFFELWHYTGVRIAWNATGGGRQGA,0.45735353,0.48357000946998596,12.824443817138672,/jet/home/aqi/results/pdbs/cand_759.pdb
cand_760,MRSAAPLVSNHYEYYINFSVRVPVSYLRAQLRE,0.4557843,0.5708761811256409,15.498930931091309,/jet/home/aqi/results/pdbs/cand_760.pdb
cand_761,MRSARVNAHFLYTVVVNAAWWYYGWKW,0.4574987,0.6896998286247253,4.031128883361816,/jet/home/aqi/results/pdbs/cand_761.pdb
cand_762,MRSAAILSRRHIAANGHGITVLYGYQRY,0.45783752,0.6074289679527283,10.646018981933594,/jet/home/aqi/results/pdbs/cand_762.pdb
cand_763,MRSAPSAWFWIVSGIDRQPRFLLGPGWWQSK,0.45774928,0.48881831765174866,13.835479736328125,/jet/home/aqi/results/pdbs/cand_763.pdb
cand_764,MRSAGRANAAHLTLTAKFLRRASVVEEYR,0.45763633,0.6292233467102051,7.804121494293213,/jet/home/aqi/results/pdbs/cand_764.pdb
cand_765,MRSAGRRRRANENAFEAYAYEWYWIGVQ,0.455936,0.5441553592681885,11.890523910522461,/jet/home/aqi/results/pdbs/cand_765.pdb
cand_766,MRSAGARARRWFTGYNRRWVARYYW,0.45713523,0.5403786897659302,10.493624687194824,/jet/home/aqi/results/pdbs/cand_766.pdb
cand_767,MRSAEEARHNWFFYWSNRLQRYRVIALANVLAFGEVYYLY,0.45448858,0.6174736618995667,8.949721336364746,/jet/home/aqi/results/pdbs/cand_767.pdb
cand_768,MRSAATSVANFIGTAGVVRYAAITWAYQRE,0.45628792,0.6245723366737366,7.81614351272583,/jet/home/aqi/results/pdbs/cand_768.pdb
cand_769,MRSAASARQNAYISSYATYPALSGLGGEERYR,0.45649725,0.5123952031135559,15.6323881149292,/jet/home/aqi/results/pdbs/cand_769.pdb
cand_770,MRSASSIASAFHVTNWRRAPATLNLNGRYQNRR,0.45712003,0.4969542324542999,17.34547233581543,/jet/home/aqi/results/pdbs/cand_770.pdb
cand_771,MRSAARVNRTVPAGAHARAIWAAEY,0.4566912,0.608177125453949,11.141992568969727,/jet/home/aqi/results/pdbs/cand_771.pdb
cand_772,MRSARHSSNHFHLLYSVFGTVAAVRWGGRRL,0.4590748,0.444843590259552,16.907150268554688,/jet/home/aqi/results/pdbs/cand_772.pdb
cand_773,MRSASPRAHRYVLGNNLWYVAGNWGRELWN,0.45643374,0.5177178978919983,12.347088813781738,/jet/home/aqi/results/pdbs/cand_773.pdb
cand_774,MRSAPRQSTVGFDVFRLHNNHPAFYYRY,0.45608148,0.5445200800895691,16.071392059326172,/jet/home/aqi/results/pdbs/cand_774.pdb
cand_775,MRSAAGAWGHRRTSAVVRRAIAIELYLLYQWYY,0.45532912,0.6337804794311523,8.776121139526367,/jet/home/aqi/results/pdbs/cand_775.pdb
cand_776,MRSASAQSRAVQFNIQRRHFLWIEYLIYW,0.4536764,0.6992538571357727,4.4940714836120605,/jet/home/aqi/results/pdbs/cand_776.pdb
cand_777,MRSATAAANRIRESTYGFRLRFVNDIGIDVYEKYYHL,0.45637003,0.5324252247810364,10.204185485839844,/jet/home/aqi/results/pdbs/cand_777.pdb
cand_778,MRSASEANARRAFHAAYDTRGLLGAAGRHWLGA,0.45833784,0.5891907811164856,11.098898887634277,/jet/home/aqi/results/pdbs/cand_778.pdb
cand_779,MRSASAAAHRRHWEGAGLYRIISGAAYLVRLRQ,0.45720497,0.4564037621021271,14.636734008789062,/jet/home/aqi/results/pdbs/cand_779.pdb
cand_780,MRSADEANRNGRRIASNWLFFWEWNRLWELYKR,0.45752993,0.6723628640174866,5.273726463317871,/jet/home/aqi/results/pdbs/cand_780.pdb
cand_781,MRSAPEARHHHHSSPGARRNGGYHR,0.45722163,0.547231912612915,14.868026733398438,/jet/home/aqi/results/pdbs/cand_781.pdb
cand_782,MRSAPANVGRFLLGASNALAGVWG,0.45940834,0.6666790843009949,6.468687057495117,/jet/home/aqi/results/pdbs/cand_782.pdb
cand_783,MRSAPSASRRALDNLFRAWASRAEERL,0.45753863,0.6296355128288269,8.121377944946289,/jet/home/aqi/results/pdbs/cand_783.pdb
cand_784,MRSAALTLDRAHMLGAPVFRGRAGIFTLGEHYHR,0.45811898,0.5339882373809814,11.070475578308105,/jet/home/aqi/results/pdbs/cand_784.pdb
