id,seq,ai4amp_score,pLDDT_mean,pdb_path,combined_score
cand_37,MRSARLLVAVANAFERGIVNLYGKLYT,0.4598493,0.7558956146240234,/jet/home/aqi/results/pdbs/cand_37.pdb,0.23370412807312013
cand_28,MRSASHAASNNAFLGLLGGIYRVLVLGSS,0.46032602,0.6844840049743652,/jet/home/aqi/results/pdbs/cand_28.pdb,0.23358543002487184
cand_64,MRSAHSAATRAAANSLSLLVAWAWGGRLS,0.4598452,0.7099342346191406,/jet/home/aqi/results/pdbs/cand_64.pdb,0.2334722711730957
cand_177,MRSATRLGNIVLAVGARNATAILITTIRYGELLR,0.45919672,0.7471453547477722,/jet/home/aqi/results/pdbs/cand_177.pdb,0.23333408677373887
cand_389,MRSASTAAAKHTAASYAFLRVIAGLLYLGR,0.45935377,0.7261301875114441,/jet/home/aqi/results/pdbs/cand_389.pdb,0.2333075359375572
cand_288,MRSAAQADRHRLWTSFLHALASAAAAGELIRGQY,0.45926112,0.7345525026321411,/jet/home/aqi/results/pdbs/cand_288.pdb,0.23330332251316072
cand_9,MRSASEGVHYFLSAPLLIRRAFFGWIAVYGRY,0.45953065,0.7066918611526489,/jet/home/aqi/results/pdbs/cand_9.pdb,0.23329878430576323
cand_318,MRSAVQSSARAFLAFLAWSLAN,0.45923424,0.7362387180328369,/jet/home/aqi/results/pdbs/cand_318.pdb,0.2332983135901642
cand_445,MRSAAHGAAAFFGVAAWVAAIFEVSRKLWWQR,0.45905444,0.7412421703338623,/jet/home/aqi/results/pdbs/cand_445.pdb,0.2332334308516693
cand_232,MRSAAPLAAGFAAINAAKHVLLVEAYWQEWKK,0.45914796,0.7298476696014404,/jet/home/aqi/results/pdbs/cand_232.pdb,0.23322321834800722
cand_484,MRSAATAWHRWWLEAQRLHRAAVLSFIGRRR,0.45924276,0.7189753651618958,/jet/home/aqi/results/pdbs/cand_484.pdb,0.2332162568258095
cand_219,MRSADLPRAVIGIYFYLWAAVARGKR,0.4593696,0.6938203573226929,/jet/home/aqi/results/pdbs/cand_219.pdb,0.23315390178661347
cand_333,MRSALPQLARPAVAYIALYIGAYR,0.45917267,0.7109346389770508,/jet/home/aqi/results/pdbs/cand_333.pdb,0.23314100819488526
cand_437,MRSASAAHNFIANVAAWGVAWTEEYRRK,0.45909908,0.7174928188323975,/jet/home/aqi/results/pdbs/cand_437.pdb,0.233137004094162
cand_113,MRSAVNESNGAATLFALVAVWARRLYY,0.45924705,0.6818394064903259,/jet/home/aqi/results/pdbs/cand_113.pdb,0.23303272203245162
cand_492,MRSASAAAVAFVIAGAFWVTVAYRLRL,0.45837027,0.7630693316459656,/jet/home/aqi/results/pdbs/cand_492.pdb,0.23300048165822984
cand_163,MRSAAVSSAVAIHEAIARVHAITAIGGRYW,0.4590132,0.6883229613304138,/jet/home/aqi/results/pdbs/cand_163.pdb,0.23294821480665207
cand_31,MRSAPRSSNLWEASVISALIVGAWKQSKR,0.45913333,0.6677281260490417,/jet/home/aqi/results/pdbs/cand_31.pdb,0.23290530563024522
cand_386,MRSAAISNRLLVHSAASIIVWLHYYGRR,0.4586297,0.7167958617210388,/jet/home/aqi/results/pdbs/cand_386.pdb,0.23289882930860517
cand_379,MRSAALRRNRILSWVVGLLAI,0.45887017,0.6818316578865051,/jet/home/aqi/results/pdbs/cand_379.pdb,0.23284424328943254
